mage,mmarital,meduc,mdegree,amsalary,amhsinc,amphyfn,amphylmt,amslfstm,ammaster,amspspt,amsphos,ammarstb,amsoccap,amclosef,amtang,ambelong,amappris,amfinpbm,amecnstt,amecnadj,wage,wmarital,weduc,wdegree,awsalary,awhsinc,awphyfn,awphylmt,awslfstm,awmaster,awspspt,awsphos,awmarstb,awsoccap,awclosef,awtang,awbelong,awappris,awfinpbm,awecnstt,awecnadj
41,2,13,3,64.8,90,2,1,33,21,18,20,6,13,12,15,15,12,5,21,4,35,2,13,3,51.6,90,1,1,39,29,21,12,4,7,13,16,14,15,6,21,5
48,2,12,3,200.004,320,0,0,42,29,25,8,5,21,20,14,16,13,6,22,5,48,2,12,4,48,132,4,4,34,20,18,12,5,6,13,9, ,5,9,27,2
 , , , , , , , , , , , , , , , , , , , ,0,44,3,12,2,42,38,2,1,35,20, , ,0,15, ,14,14,11, ,25,5
45,2,13,3,80.004,230,2,1,38,27,22,11,5,16,19,15,14,12,6,22,4,44,2,13,3,54,230,6,0,33,27,22,11,5,13,20,16,17,13,6,23,5
54,2,8,1,42,80,0,0, ,23,19,13,5,0,4,12,9,7,10,22,5,46,2,13,3,66,95,9,1,38,18,16,18,5,2,9,16,12,13,8,22,3
28,5,16,5,52.8,110,2,0,37,25, ,19,0,7,14,15,17,11,7,14,9,23,5,12,4,28.8,110,3,0,41,29,23,18,6,11,14,16,18,15,7,16,4
 , , , , , , , , , , , , , , , , , , , ,0,49,3,12,3,84,99,0,0,49,34, , ,0,13,13,17,20,15,11,25,4
45,2,13,3,72,130,1,3,43,30,22,13,5,12,14,13,14,11,12,28,10,40,2,15,3,51.6,130,2,2,29,30,18,15,5,15,15,13,12,8,11,28,6
27,2,12,2,72.576,80,2,0,34,23,20,15,7,6,9,13,14,11,11,25,4,22,2,12,3,57.6,80,4,0,29,17,11,17,11,16,12,16,13,13,12,29,7
45,2,16,3,74.736,158,2,0,37,25,16,17,5,7,19,15,15,11,10,23,14,45,2,20,5,82.14,157,9,2,41,33,22,14,5,20,21,20,20,16,8,21,13
 , , , , , , , , , , , , , , , , , , , ,0,60,1,13,3,0,32,3,0,38,25, , ,0,19, ,20,19,15,7,23,7
35,2,17,5,86.4,170,0,0,46,34,17,10,7,22,10,19,17,15,13,25,2,35,2,17,5,60,140,0,0,21,15,20,10,5,16,2,8,12,9,7,25,4
50,2,11,2,66,108,2,0,40,27,22,13,5,12,18,15,16,12,10,25,12,48,2,12,3,60,108,2,1,46,30,25,6,5,11,18,18,18,12,10,25,12
53,2,11,3,51.6,106,5,2,32,24,15,16,5,14,4,14,12,9,8,27,10,51,2,11,4,46.2,106,11,4,26,16,14,23,7,14,9,14,14,12,8,24,9
50,2,16,3,57.6,101,5,1,36,24, ,15,5,4,3,12,10,7,11,25,8,48,2,12,3,40.8,98,2,1, ,27,25,11,5,5,2,17,12,8,6,19,2
49,2,13,3,91.2,215,1,0,32,26, , ,0,11,17,15, ,14,5,12,0,47,2,15,3,62.4,112,0,0,32,26,14,20,7,18,15,20,18,15,9,20,6
47,2,12,2,74.4,136,3,1,34,28,23,6,5,13,16,14,14,10,8,26,6,41,2,13,4,45.6,136,2,0,33,28,23,5,5,8,15,14,14,10,8,25,6
31,2,12,2,48,77,5,4,28,14,16,14,10,7,15,17,16,12,12,23,11,27,2,12,4,0,78,1,4,36,23,20,16,9,16,14,18,16,14,12,26,13
41,2,13,3,120,130,3,0,37,26,22,12,5,12,15,16,16,12,11,21,6,40,2,13,3,54,135,1,0,35,20,22,11,5,18,14,17,16,15,10,20,6
 , , , , , , , , , , , , , , , , , , , ,0,49,3,11,3,0,30,5,0,31,22, , ,0,3,16,17,15,13,7,29,6
39,2,9,3,60,120,0,1,38,26,25,7,5,4,15,20,16,12,8,22,4,41,2,9,3,72,120,0,0,45,28,17,11,5,9,14,19,17,15,7,25,5
25,2,12,3,66.24,60,0,0,37,21,24,12,8,10,20,16,18,9,10,15,11,24,2,12,3,46.8,86,0,0,23,16,12,16,10,6,21,19,15,12,8,29,10
39,2,12,2,66,125,0,0,39,28,23,10,5,10,11,15,14,12,7,19,4,39,2,13,3,63.6,125,0,4,36,27,26,9,5,15,12,18,16,13,6,18,5
42,2,14,3,72,106,0,0,33,26,21,13,5,11,10,20,20,16,9,26,1,29,2,17,5,36,108,1,2,32,25,23,13,5,17,13,18,15,14,11,21,4
28,2,13,3,42,60,1,1,38,28,14,21,14,7,11,16,16,10,7,28,5,28,2,14,4,24,60,3,0,38,24,20,15,13,8,9,17,13,13,8,29,5
 , , , , , , , , , , , , , , , , , , , ,0,39,3,9,1,34.272,58,8,3,32,21, , ,0,3, ,19,15,11, ,25,10
 , , , , , , , , , , , , , , , , , , , ,0,80,1,11,3,0,0,6,0,32,22, , ,0,25, ,20,9,11,6,16,0
34,2,18,5,104.4,110,0,0,38,25,19,15,8,12,13,13,13,9,10,17,3,33,2,18,5,32.4,110,0,1,37,33,16,7,5,6,16,19,17,16,11,24,8
36,2,18,5,104.4,140,2,0,41,29,16,12,8,9,9,17,16,12,5,23,5,33,2,14,3,0,150,1,1,30,25,10,9,5,10,7,14,14,11,8,22,3
57,2,13,3,84,131,3,4,36,26,20,14,6,27,18,15,18,11,9,29,8,57,2,14,3,0,131,3,0,37,24,18,14,7,20,15,11,13,10,9,23,11
 , , , , , , , , , , , , , , , , , , , ,0,47,1,15,2,54,58,1,1,37,24, , ,0,6, ,17,15,14,8,25,4
47,2,19,5,120,180,3,0,32,27,14,7,5,14,12,16,14,12,4,11,0,39,2,13,3,54,120,2,2,29,23,19,9,5,6,7,13,12,10,7,17,1
43,2,17,5,84,140,1,1,25,18,13,21,5,16,11,14,16,13,6,19,5,44,2,17,5,72,140,0,0,38,25,13,13,5,25,12,16,17,12,5,17,7
34,3,13,3,81.6,61,0,0,39,26, , ,0,17, ,19,17,15,5,19,2, , , , , , , , , , , , , , , , , , , , ,0
38,3,13,3,55.2,46,1,0,37,29, , ,0,14,13,16,16,11,11,25,9, , , , , , , , , , , , , , , , , , , , ,0
 , , , , , , , , , , , , , , , , , , , ,0,40,3,13,3,60,65,1,0,36,28, , ,0,9, ,16,15,10,6,25,9
72,4,14,4,0,0,2,2,30,25, , ,0,12, ,13,13,11,8,23,13, , , , , , , , , , , , , , , , , , , , ,0
22,2,15,4,16.8,44,0,0,38,30,24,10,1,10,11,12,16,8,10,19,6,19,2,12,3,0,0,0,0,37,32,27,6,1,13,6,13,17,7,10,19,6
42,2,12,2,60,109,1,0,40,31,21,9,5,13,17,15,15,14,9,23,9,35,2,13,4,36,109,1,0,40,31,21,7,5,33,14,15,15,14,9,22,10
41,2,20,5,60,245,1,0,42,26,13,16,5,15,11,14,15,12,5,16,0,44,2,18,5,180,245,1,0,43,26,14,19,5,18,11,14,13,12,4,17,0
53,2,17,5,116.4,150,1,1,33,27,19,14,5,29,20,15,16,13,7,8,4,49,2,16,4,60,150,3,3,36,28,24,8,4,37,18,14,13,10,7,18,6
46,2,18,5,60,100,0,0,38,27,19,7,5,24,7,17,11,10,7,6,1,37,2,18,3,36,100,1,1,40,28,19,7,5,29,18,20,16,13,7,6,1
62,2,13,3,0,60,8,2,34,29,18,15,6,17,9,14,15,10,9,26,8,56,2,11,2,26.4,60,6,0,37,22,22,9,5,15,8,13,17,12,7,25,8
32,2,12,3,61.44,120,1,0,34,27,16,12,5,14,11,14,11,11,6,20,7,30,2,12,3,48,120,1,2,36,24,13,11,9,9,14,19,17,15,8,18,6
52,2,13,4,50.4,101,1,3,39,23,20,12,5,22,18,17,19,14,6,22,1,47,2,13,3,49.2,102,1,0,35,24,21,11,5,19,20,18,14,11,6,22,1
 , , , , , , , , , , , , , , , , , , , ,0,28,1,13,4,56.4,65,0,0,33,23, , ,0,14, ,15,18,13,5,20,2
60,2,13,3,72,132,3,0,40,25,16,7,5,21,16,18,20,15,10,25,8,56,2,12,3,57.6,132,2,1,36,24,13,9,5,15,12,13,16,11,8,24,7
36,2,13,3,36,114,0,0,39,26,8,24,11,23,6,16,16,16,6,27,8,37,2,13,3,66,115,1,0,34,26,13,12,9,8,11,17,16,14,9,25,9
29,2,20,5,120,120,1,0,46, ,21,11,5,21,12,19,16,14,7,16,2,25,2,17,5,0,120,1,1,37,23, ,11,5,18,17,19,16,13,5,14,2
55,2,13,3,81.6,144,1,0,36,28,22,11,5,11,14,15,13,11,6,23,3,53,2,13,3,56.4,144,11,4,28,22,24,8,5,24,16,14,13,10,7,23,3
 , , , , , , , , , , , , , , , , , , , ,0,30,3,13,3,60,74,1,2,35,28, , ,0,10, ,17,17,14,10,25,7
25,2,12,3,48,90,0,0,36,24,19,16,8,15,14,13,15,12,6,24,5,25,2,12,3,0,102,1,0,30,22,14,15,11,16,15,20,14,13,6,27,7
30,2,12,2,48,83,1,1,32,24,20,15,5,3,18,16,15,13,6,15,5,22,2,12,3,38.4,83,1,0,34,24,19,12,5,18,10,16, ,11,6,15,5
28,2,16,5,60,90,0,0,39,31,17,10,5,17,14,12,14,14,9,15,6,27,2,12,3,16.32,90,3,1,36,27,19,13,5,9,18,16,14,12,9,14,7
51,2,8,2,60,100,1,0,38,24,13,10,5,6,13,17,12,10,5,20,4,46,2,13,3,28.8,100,12,2,41,27,20,16,5,6,9,17,14,12,5,15,0
26,2, ,2,58.464,55,8,1,29,22,17,12,10,8,9,15,12,12,8,25,4,29,2,16,5,15.6,78,0,4,21,19,18,14,9,19,16,11,12,9,7,27,4
47,2,12,2,120,400,8,0,40,27,21,8,5,0,11,15,14,10,3,6,0,42,2,13,3,66,400,19,0,36,28,21,7,5,17,12,18,17,14,3,6,0
 , , , , , , , , , , , , , , , , , , , ,0,58,3,9,1,0,27,5,1,41,34, , ,0,19, ,16,17,13,7,22,5
35,2,15,3,66,76,1,0,37,24,25,7,5,4,13,13,14,10,8,25,9,35,2,11,2,0,76,1,0,36,25,28,5,5,10,18,13,16,11,10,24,8
41,2,12,2, ,97,20,3,38,17,27,9,5,0,8,12,12,11,5,22,2,39,2,14,3,63.6,97,0,1,37,20,10,17,5,15,11,12,12,13,4,22,3
45,2,20,5,84,0,0,1,34,24,13,14,5,7,16,16,15,13,12,26,11,43,2,15,4,45.6,141,2,0,39,28,16,21,6,15,12,17,18,15,7,20,11
34,2,12,2,49.92,90,1,0,35,26,22,9,5,10,13,12,15,13,8,15,3,35,2,13,4,48,90,1,0,34,24,20,5,5,16,11,13,15,10,7,16,2
47,2,9,2,48,105,2,2,36,26,11,20,8,10,12,16,16,12,7,15,1,46,2,13,3,46.8,105,2,4,31,20,13,21,8,24,13,16,16,13,7,22,9
46,2,16,4,55.2,91,1,0,37,31,22,7,5,23,15,18,14,11,4,18,2,38,2,11,2,33.6,91,2,0,37,30,22,7,5,16,15,18,14,11,4,18,2
37,2,13,3,44.352,88,1,1,34,27,17,13,5,13,13,13,15,12,11,23,9,33,2,11,2,0,87,2,0,32,24,18,14,5,11,13,12,15,12,11,23,8
 , , , , , , , , , , , , , , , , , , , ,0,33,3,15,3,0,75,1,0,41,31, , ,0,11,10,13,16,12,8,30,12
 , , , , , , , , , , , , , , , , , , , ,0,28,3,12,3,2.3,54,2,1,30,27, , ,0,6,9,15,14,14,9,25,6
 , , , , , , , , , , , , , , , , , , , ,0,28,3,13,3,0,45,0,0,28,20, , ,0,10,16,15,13,12,10,28,13
68,2,10,3,0,62,2,0,33,23,21,10,5,13,12,16,12,11,9, ,2,69,2,8,1,0,62,4,2,33,22,23,11,5,10,14,16,14,10,9, ,2
35,2,18,5,6.4,150,1,4,38,29,20,13,5,23,11,16,19,16,11,29,9,30,2,13,3,84,150,1,0,36,28,14,9,5,21,11,13,16,10, ,20,4
46,2,12,2,48,220,0,0,39,28,25,13,5,9,13,16,13,12,6,13,2,44,2,13,3,85.2,218,0,0,39,26,20,13,5,18,13,16,13,13,4,12,1
36,2,12,2,50.4,120,0,4,36,26,22,11,5,7,18,17,18,15,10,22,7,35,2,13,3,66,100,2,0,47,26,22,9,8,0,16,15,15,11,12,23,7
33,2,13,3,72,115,1,0,31,23,12,19,5,9,2,9,11,8,8,30,6,31,2,17,3,55.2,115,1,0,31,26,11,10,5,4,2,13,12,9,6,23,0
56,2,11,2,0,84,6,4,29,19,22,15,5,14,13,11,13,11,13,28,9,55,2,14,3,57.6,84,7,2,29,15,20,9,5,18,14,11,11,14,13,28,9
 , , , , , , , , , , , , , , , , , , , ,0,36,3,9,1,45.6,67,6,1,29,23, , ,0,14, ,17,11,14,12,30,11
 , , , , , , , , , , , , , , , , , , , ,0,44,3,9,1,43.2,57,13,4,30,26, , ,0,11, ,19,12,14,12,30,13
37,2,12,2,70.008,120,2,1,36,20,7,24,6,1,13,12,14,9,10,21,7,35,2,14,4,48,120,3,0,36,28,14,21,14,22,11,13,12,10,11,18,11
28,2,12,3,45.6,58,1,1,38,23,20,11,5,12,14,15,10,8,7,25,4,26,2,11,3,12,58,7,2,36,23,20,8,5,8,14,17,15,12,7,24,1
38,2,12,2,48,75,3,1,37,27,17,12,5,4,12,15,13,13,10,25,8,35,2,12,2,48,75,3,2,41,27,21,10,7,17,19,14,16,12,10,24,9
62,2,14,3,5.28,72,4,2,35,21,25,7,5,6,16,12,15,7,8,18,4,58,2,9,2, ,71,11,2,33,22,23,12,5,7,12,12,15,8,8,19,4
47,2,13,3,90,147,2,1,41,21,8,28,5,8,18,19,14,13,7,27,7,38,2,13,3,66,148,3,1,35,26, ,14,3,14,21,18,17,14,9,18,7
34,2,17,5,96,110,2,2,29,24,14,14,5,10,20,14,14,8,6,17,0,32,2,16,5,36,110,1,1,34,25,18,8,5,20,20,17,17,12,5,16,1
36,2,9,1,43.2,90,0,0,34,20,10,16,9,5,8,15,17,10,10,23,2,35,2,13,3,60,80,0,0,24,15,15,15,11,19,2,10,10,9,9,21,1
37,2,12,2,62.4,67,1,0,33,19,21,13,6,21,2,10,11,10,10,30,10,25,2,12,2, ,62,1,1,26,24,17,14,6,16,9,14,14,11,10,21,8
43,2,12,2,60,110,2,4,35,23,21,16,0,10,2,11,10,8,6,16,1,39,2,15,3,58.8,110,4,1,30,20,16,14,8,23,10,17,17,13,7,20,4
38,2,9,2,30.24,98,0,0,28,18,20,11,5,0,20,15,14,11,10,30,6,32,2,9,2, ,98,0,0,37,23,26,7,5,10,15,18,16,14,9,30,5
 , , , , , , , , , , , , , , , , , , , ,0,31,3,13,3, ,66,0,0,28,24, , ,0,5,12,14,13,9,14,30,11
58,2,16,3,48,112,3,3,34,24,27,9,5,31,21,15,14,12,6,23,5,53,2,16,3, ,112,6,3,33,22,27,9,5,30,19,15,14,12,6,23,5
47,2,14,3,53.628,99,6,0,27,18,15,26,5,6,19,14,12,10,9,25,6,45,2,13,3,42,99,7,0,25,17,12,22,9,18,16,14,14,10,11,23,8
36,2,13,3,40.8,120,0,0,35,27,19,13,5,11,8,18,18,14,8,22,5,34,2,19,5,60,120,1,1,37,25,19,13,5,17,15,15,19,16, ,20,7
72,2,19,5,0,68,2,2,36,21,26, ,5,24,21,13,16,9,8,20,8,65,2,11,2, ,78,4,2,43,24,27, ,5,19,20,12, ,8,9,22,8
64,2,14,3,16.8,90,2,0,30,15,9,19,6,15,5,9,11,8,9,22,5,60,2,11,3,0,90,3,0,32,21,12,21,8,5,9,7,10,10,7,26,5
34,2,12,2,57.6,80,0,0,41,31,20,13,5,12,12,17,13,12,5,17,1,33,2,11,3,22.8,80,1,0,41,24,22,13,5,15,15,18,15,12,5,20,5
33,2,9,2,43.2,80,1,0,37,24,17,13,5,9,17,18,14,14,6,22,6,35,2,9,2,28.8,80,1,2,36,24,17,13,5,8,14,12,12,9,8,23,6
45,2,12,2,60,167,0,0,36,23,11,15,5,18,14,14,15,14,6,17,3,41,2,14,3,64.8,165,0,0,37,27,21,12,5,13,13,15,16,14,5,15,2
63,5,8,2,10.248,84,6,1,33,24,22,12,5,14,13,13,12,12,7,20,6,57,4,11,3,0,84,5,4,33,25,21,10,8,19,13,17,14,15,8,21,7
47,2,13,3,62.4,125,2,0,41,22,27,22,4,22,19,17,17,14,11,16,9,40,2,13,3,60,125,1,1,32,21,7,18,6,27,19,20,19,14,8,15,9
50,2,12,3,55.2,132,1,0,49,29,19,5,5,20,13,15,16,12,5,21,1,45,2,15,4,56.4,133,0,0,50,34,24,5,5,17,10,16,18,13,5,18,1
28,2,17,5,90,110,0,0,39,24,22,10,7,19,12,19,15,15,7,20,3,28,2,16,5,0,110,2,1,37,26,22,9,6,10,10,15,15,12,8,14,2
62,2,9,2, ,65,1,0,36,26,22,17,5,23,11,17,17,13,7,19,7,60,2,13,3,0,65,8,0,37,28,15,14,5,26,11,17,17,13,7,20,7
 , , , , , , , , , , , , , , , , , , , ,0,47,3,10,2,44.16,59,4,4,37,24, , ,0,11, , ,15,12,12,21,10
 , , , , , , , , , , , , , , , , , , , ,0,37,1,13,4,57.6,106,3,4,35,26, , ,0,17, ,16,15,13,7,21,3
45,2,13,3,78,110,1,0,37,24,23,10,5,20,14,20,20,15,11,27,8,39,2,13,3,45.6,100,0,4,38,23,18,13,5,17,10,13,14,11,13,29,10
34,2,15,3,240,140,0,0,34,26,16,13,5,7,13,11,17,11, ,22,0,34,2,13,3,72,360,3,2,34,28,13,7,7,12,17,18,18,15,8,18,2
43,2,12,2,72,100,0,0,45,29,23,7,5,8,19,18,19,15,6,14,2,40,2,12,3,48,96,0,0,45,27,27,5,5,10,20,20,20,16,7,11,3
42,2,12,2,67.68,130,0,1,36,20,19,16,5,23,11,18,13,12,11,20,9,43,2,13,3,46.8,131,2,1,33,23,18,15,5,20,13,19,20,15,11,20,8
74,2,8,2,0,43,1,3,38,27, , ,0,18,18,14,15,12,9, ,10,71,2,9,2,0,43,6,3,35,23, , ,0,16,17,15,13,10,8, ,9
44,2,19,5,126,235,1,4,37,27,25,5,5,6,17,18,18,13,6,18,3,41,2,18,5,67.2,235,1,0,42,27,28,6,5,18,22,20,17,15,6,19,3
 , , , , , , , , , , , , , , , , , , , ,0,45,3,13,3,60,58,1,4,25,15, , ,0,25,15,12,13,10,14,29,12
35,2,14,3,63,135,1,2,38,28,21,14,5,5,16,13,14,12,7,14,2,27,2,13,3,0,135,1,0,34,25,18,10,5,5,14,16,16,13,7,14,3
50,2,11,2,48,64,3,1,35,28,19,16,5,4,17,16,14,11,9,30,8,48,2,10,2,31.2,64,6,4,28,26,17,17,4,8,17,16,14,11,9,30,7
 , , , , , , , , , , , , , , , , , , , ,0,25,3,12,3,51.6,167,1,0,29,22, , ,0,11,13,15,13,13,8,25,3
33,2,17,5,84,140,1,2,39,32,9,15,17,20,11,18,15,14,13,26,9,33,2,13,3,48,130,5,0,32,23,19,18,20,7,12,14,15,11,8,21,3
51,2,11,2,42.336,150,1,1,25,23,11,21,7,23,18,14,13,13,7,24,8,46,2,16,3,84,160,5,4,38,23,12,14,8,25,13,20,18,15,5,23,9
37,2,13,3,87.6,120,2,0,37,28,19,12,5,14,11,17,16,11,8,27,3,34,2,12,2,30,120,4,1,39,21,23,9,6,6,12,14,14,14,8,25,4
40,2,12,2,60,84,3,0,40,28,26,12,5,12,13,15,15,13,13,28,14,31,2,12,2,0,84,12,4, ,21,22,14,5,18,15,13,18,13,14,26,14
58,2,9,2,0,82,0,0,42,27,17,9,5,11,20,10,12,11,4,20,8,56,2,11,3,0,75,1,0,40,23,17,10,5,4,21,18,17,13,9,20,5
 , , ,3,78,110,0,1,43,23,13,19,10,8,20,18,16,13,10,22,10,36,2,13,3,11.4,110,1,0,38,18,21,9,5,3,10,16,14,10,10,23,10
37,2,12,2,0,65,1,0,30,24,23, ,5,15,14,16,16,15,5,18,2,33,2,13,3,0,65,0,0,39,28,17,7,5,19,11,14,14,14,5,13,4
 , , , , , , , , , , , , , , , , , , , ,0,38,3,13,3,57.6,93,1,1,31,23, , ,0,8,14,16,15,14,10,27,4
64,2,12,3,0,103,3,0,40,23,21,21,5,19,18,19,16,12,5,23,3,52,2,12,3,54,104,8,0,45,34,26,7,5,27,17,20,17,12,7,21,2
47,2,12,3,59.136,96,10,0,38,22,28,7,5,11,17,15,13,12,8,21,8,44,2,8,1,28.224,96,1,1,38,26,20,9,5,6,18,14,11,12,6,15,7
35,2,9,2,36.288,115,3,1,21,18,17,17,9,8,11,17,14,12,11,30,10,29,2,9,2,0,115,5,1,28,23,23,11,10,9,15,16,14,10,11,30,10
37,2,12,2,72,97,1,0,40,28,13,14,8,4,2,15,12,11,6,20,6,35,2,13,3,36,70,0,1,25,24,6,23,9,10,6,16,14,11,7,21,7
39,2,17,4,57.6,86,2,0,30,19,11,21,6,19,10,13,13,10,11,24,9,35,2,11,3,38.4,78,0,0,39,24,19,11,6,17,16,19,18,15,10,26,11
 , , , , , , , , , , , , , , , , , , , ,0,49,4,12,3,54,100,11,3,25,13, , ,0,6, ,20,20,14,10,24,9
35,2,12,2,72,130,0,0,30,23,24,13,7,6,18,13,14,12,5,25,8,34,2,14,3,62.892,130,0,0,39,27,18,18,9,3,16,18,16,12,8,28,5
 , , , , , , , , , , , , , , , , , , , ,0,50,1,14,3,72,72,5,3,36,22, , ,0,25,7,12,15,10,6,18,8
 , , , , , , , , , , , , , , , , , , , ,0,84,4,5,1,0,36,19,0,29,19, , ,0,3, ,11,10,9,6,22,7
52,2,13,3,54,120,0,0,42,28,15,9,5,10,11,9,12,10,7,23,5,48,2,14,3,72,120,0,1,40,33,23,14,5,0,13,14,13,9, ,22,8
34,2,13,3,180,110,2,0,38, ,23,21,6,16,18,20,18,15,8,27,10,30,2,13,3,0,120,2,0,33,23,16,17,5,21,17,17,15,14,4,12,1
46,2,12,2,0,92,2,0,34,15,21,15,5,10,20,19,17,15,9,28,4,48,2,12,2,6.2,90,6,0,33,18,22,12,5,8,21,18,19,13,9,27,4
39,2,12,2,54,107,1,0,35,19,22,13,6,9,14,14,15,12,8,20,1,38,2,9,1,36,107,3,0,38,22,20,13,5,12,17,15,17,12,8,27,1
39,2,12,2,50.4,120,0,2,33,23,22,14,5,17,19,12,12,6,8,24,6,40,2,13,3,34.8,120,0,4,30,20,23,13,5,23,16,11,12,8,8,29,6
58,3,11,3,48.6,51,4,0,30,18,19,11,0,12,13,10,10,9,8,21,8, , , , , , , , , , , , , , , , , , , , ,0
33,2,14,2,115.2,130,3,2,38,28,14,15,8,20,19,17,16,15,9,16,6,29,2,12,3,49.992,120,2,1,41,28,20,10,5,14,16,19,19,15,7,22,7
26,2,12,3,67.2,72,2,1,25,27,24,7,5,5,19,13,14,9,6,13,1,28,2,12,3,0,72,0,0,27,22,24,10,5,13,13,16,16,12,6,15,0
30,2,14,3,54.72,75,0,0,35,29,19,10,6,7,14,18,19,15,8,15,8,31,2,17,3,0,75,1,1,27,25,24,11,5,7,13,17,15,13,7,17,8
63,2,12,3, ,77,4,0,41,29,20,12,5,25,19,17,14,11,8,20,8,65,2,12,3, ,77,12,1,38,24,24,15,5,27,20,17,16,11,7,16,8
25,2,12,2,73.44,70,0,1,31,19,16,19,5,5,21,11,13,9,5,14,3,20,2,12,3,0,70,3,4,28,26,17,18,8,8,11,15,15,14,5,14,3
 , , , , , , , , , , , , , , , , , , , ,0,41,3,16,3,48,118,1,0,40,30, , ,0,23, ,13,14,10,11,30,9
27,2,16,5,60,86,0,0,29,27,19,12,7,6,11,18,18,14,5,13,0,28,2,18,5,0,76,3,3,30,25,13,15,7,10,11,15,14,13,4,17,1
32,2,9,2,40.32,86,1,0,41,26,23,9,5,9, ,14,16,14,6,25,5,30,2,17,3,38.4,86,0,0,32,24,14,10,6,15,8,13,11,13,9,19,4
40,2,14,3,20.3,62,13,4,37,24,18,12,6,9,7,12,12,11,12,28,12,33,2,14,4,6,54,3,2,37,23,17,14,5,14,6,12,13,13,12,30,12
45,2,12,2,69.6,115,2,3,32,23, ,14,5,8,11,13,14,11,8,23,2,42,2,13,3,45.6,115,11,3,28,21,19,12,5,17,16,14,14,11,8,23,2
40,2,13,3,360,622,0,0,41,29,22,10,5,24,18,19,20,15,7,6,0,35,2,15,4,42,622,1,2,41,27,23,12,5,25,18,20,20,15,7,6,0
 , , , , , , , , , , , , , , , , , , , ,0,45,3,18,5,54,70,4,0,29,19, , ,0,18,12,14,15,11,6,25,4
 , , , , , , , , , , , , , , , , , , , ,0,21,1,12,3,30,28,1,2,22,14, , ,0,8,2,6,7,8,4,23,6
39,2,13,2,120,0,0,0,41,28, ,12,6,9,10,13,14,11,6,18,6,39,2,13,4,60,0,4,0,38,25,22,11,7,28,12,17,15,14,6,20,9
32,2,13,3,84.672,0,1,2,36,20,27,10,5,0,14,18,16,11,12,17,13,32,2,13,2,0,0,0,3,32,21,24,8,5,16,15,20,19,14,12,17,13
24,2,12,3,60,54,1,0,27,19,16,16,7,3,17,16,15,11,9,26,4,20,2,11,3,0,54,3,2,32, ,16,12,6,5,17,16,15,13,9,25,6
36,2,9,2,42,0,4,3, ,20,21,12,6,14,15,11,14,11,6,22,6,38,2,13,3,0,0,1,0,37,22,14,12,5,15,20,16,14,11,6,21,6
27,2,13,2,36.288,80,1,1,37,28,23,22,5,17,20,11,12,9,6,24,3,23,2,12,3,39.6,80,2,0,36,25,21,17,5,23,20,13,11,9,6,24,3
49,2,15,5,72,155,5,0,36,25,23,21,8,28,10,15,16,12,5,24,4,47,2,13,3,72,155,2,1,29,21,15,21,5,16,13,18,18,13,5,24,3
36,2,12,2,84,100,0,2,35,25,19,17,20,11,17,13,14,10,7,23,7,32,2,13,3,48,110,2,0,32,21,18,12,20,10,19,15,13,11,8,21,9
73,2,8,2,0,130,1,0,30,16,15,19,5,0,2,10,11,7,6,14,3,70,2,8,1,0,130,11,2,33,24,15,18,5,5,9,12,14,12,6,14,3
 , , , , , , , , , , , , , , , , , , , ,0,39,3,16,3,60,90,5,4,37,26, , ,0,21, ,16,16,12,9,25,11
64,2,15,3,0,40,6,4,25,17,17,14,6,20,14,14,18,15,13,26,9, , , , , , , , , , , , , , , , , , , , ,0
46,2,12,2,63.6,130,5,1,37,28,19,17,5,20,19,16,19,15,7,25,7,48,2,14,3,60,130,1,1,31,24,17,13,5,7,13,14,13,12,6,24,2
39,2,16,3,72,150,2,1,36,27,20,17,5,10,10,12,14,9,6,21,5,39,2,18,5,72,150,2,0,32,25,19,13,6,24,12,17,18,15,4,23,7
52,2,8,1,58.464,180,0,0,31,23,22,11,5,16, ,15,11,8,5,17,4,51,2,17,5,92.4,180,0,0,38,26,19,15,5,30,7,12,15,11,5,12,0
45,2,22,5,120,170,0,3,37,24,22,16,5,16,14,16,17,12,9,27,3,41,2,11,2,49.2,170,0,3,33,22,22,14,5,8,15,12,14,11,8,24,4
68,2,13,4,0,105,1,0,40,35,25,9,5,20,20,15,16,11, ,19,9,57,2,13,3,66,106,3,0,43,31,28,6,5,1,13,10,13,8,6,21,8
49,2,16,5,120,230,2,0,27,27,19,17,6,23,16,19,17,15,9,14,7,50,2,16,5,96,230,2,0,40,24,21,21,5,14,18,18,19,15,8,14,2
51,2,8,2,48,100,2,2,38,22,17,13,5,11,18,18,16,13,9,20,8,51,2,10,3,51.6,100,6,4,39,26,20,19,5,18,18,16,17,12,5,18,4
40,2,12,2,64.8,129,0,2,29,26,15,15,5,11,12,17,17,14,11,22,6,37,2,13,3,66,129,4,0,31, ,14,16,5,16,16,19,18,15,11,22,6
39,2,12,2,54,120,0,0,26,23,6,8,5,5,20,16,14,11,8,25,5,37,2,13,3,63.6,120,0,0,29,19,19,15,9,12,18,15,16,11,10,23,8
41,2,12,2,74.592,108,0,2,40,30,18,19,6,14,13,17,16,12,8,21,7,40,2,13,3,60,100,1,4,40,28,20,10,7,17,15,18,17,13,4,20,4
34,2,12,2,0,150,0,0,28,16,15,22,20,13,13,14,15,12,6,16,0,30,2,16,5,79.992,150,0,3,35,23,11,24,13,15,12,17,17,14,6,15,1
 , , , , , , , , , , , , , , , , , , , ,0,52,4,10,3,60,48,9,4,32,21, , ,0,14, ,15,18,11,10,28,8
53,2,12,3,108,156,1,0,35,28,20,11,5,27,11,10,12,10,5,14,0,46,2,13,3,72,156,0,0,38,25,13,13,5,27,12,16,17,12,5,11,0
70,2,13,3,0,57,1,0,40,28,27,8,5,15,16,13,14,8,5,16,1,65,2,11,2,0,56,4,0,39,25, ,6,5,10,12,11,15,10,6,20,3
43,2,13,3,49.2,83,1,0,38,23,17,10,5,10,2,12,12,9,8,21,4,45,2,11,2,28.8,83,3,0,36,24,23,9,5,9,2,12,13,12,8,19,3
39,2,13,3,90,130,0,4,33,27,15,12,5,8,11,13,15,11,9,26,4,36,2,13,3,48,130,0,0,38,28, ,7,5,4,17,20,19,16,8,29,3
40,2,13,3,0,170,1,0,38,24,21,18,6,25,15,16,13,13,5,13,5,39,2,13,3,56.4,170,4,0,38,23,21,17,6,4,15,17,14,13,5,13,5
51,2,11,2,36,91,4,1,30,24,19,9,5,4,8,17,15,12,9,23,8,47,2,13,3,50.4,91,1,0,35,26,22,7,5,17,19,18,19,15,8,19,8
23,2,14,3,42,64,0,1,37,28,23,12,5,17,13,19,17,14,6,18,2,22,2,12,2,0,0,0,0,41,30,24,8,5,15,19,20,18,15,6,20,4
80,4,8,1,0,27,12,4,36,26, , ,0,3, ,10,10,9,7,22,8, , , , , , , , , , , , , , , , , , , , ,0
35,2,15,3,81.6,150,0,0,47,35,24,7,5,22,18,16,19,14,5,18,0,30,2,13,4,48,150,3,0,32,23,24,10,8,15,14,17,14,14,6,19,0
20,2,12,2,40.8,80,0,0,37,24,20,11,5,13,9,16,16,12,8,18,5,19,2,12,3,0,80,0,2,33,14,20,10,5,25,18,14,17,10,9,18,3
40,2,13,2,66,110,0,3, ,26,22,13,5,14,14,14,13,10,7,25,7,31,2,14,3,51.6,110,1,4,30,25,21,12,5,9,18,17,12,12,6,27,5
27,2,12,3,72,110,2,0,33,24,14,13,5,8,14,15,17,13,7,19,1,27,2,12,3,60,110,0,3,35,26,12,10,9,15,19,20,17,14,8,22,1
49,2,12,2,32.4,75,13,4,24,17,12,18,5,9,2,9,6,9,10,23,8,42,2,15,4,60,180,2,0,30,24,21,23,5,16,18,18,19,14,10,22,6
 , , , , , , , , , , , , , , , , , , , ,0,35,1,15,3,50.4,96,2,4,30,20, , ,0,10,14,18,17,11,10,21,6
41,2,12,2,50.4,92,0,0,36,27,21,11,5,11,10,15,14,12,8,20,8,39,2,13,3,38.4,92,0,0,35,27,19,8,5,15,10,14,14,12,9,20,7
42,2,12,2,39.6,90,0,2,32,19, ,14,5,20,16,20,15,10,13,30,14,40,2,13,3,39.6,90,0,0,44,26,20,16,16,25,19,19,17,16,13,30,15
54,2,12,3,84,180,5,4, ,26,21,13,5,10,13,15,13,12,7,23,7,50,2,12,4,69.6,200,7,4,34,25,19,12,5,19,10,13,11,12,7,19,7
44,2,17,3,54,128,2,0,33,22,23,17,5,14,14,16,14,11,7,29,9,43,2,13,3,45.6,128,0,1,32,25,25,15,5,28,14,17,14,12,8,29,9
51,2,16,5,84,145,2,0,41,27,21,13,5,28,10,12,13,11,6,24,0,43,2,15,3,60,150,2,0,31,20,19,15,5,18,13,12,14,6,7,23,3
41,2,9,2,60,90,7,3,27,25,13,20,12,8,9,12,8,8,11,18,8,39,2,13,3,38.4,85,3,0,40,30,11,19,6,10,13,17,15,13,8,25,6
43,2,12,2,72,120,0,0,38,30,17,16,9,14, ,10,15,10,8,25,8,39,2,13,4,66,120,4,0,38,28,16,18,7,24,2,11,15,10,6,25,8
25,1,12,4,0,80,0,1,32,28, , ,0,20,20,20,19,15,9,22,0, , , , , , , , , , , , , , , , , , , , ,0
20,2,12,2,25,70,1,1,39,25,24,11,6,4,19,18,14,14,5,11,5,20,2,12,3,58.8,70,3,2,34,26,19,11,5,8,19,15,16,13,5,17,4
22,2,11,1,60,76,0,2,33,23,14,13,5,2,3,16,13,9,8,24,0,21,2,11,2,0,76,3,0,33,18,14,16,6,1,10,20,16,11,8,18,2
49,2,13,4,86.4,105,3,1, ,23,18,12,5,6,12,15,14,11,6,21,5,43,2,12,4,62.4,104,1,0,33,24,13,15,6,7,12,16,18,13,6,19,5
 , , , , , , , , , , , , , , , , , , , ,0,40,3,13,3,53.76,73,0,1,32,27, , ,0,23,8,17,16,13,9,25,9
30,2,17,5,78,109,1,0,35,28,17,13,5,27,11,14,15,14,7,24,6,30,2,18,5,71.5,109,1,0,40,33,22,9,5,26,16,15,17,13,7,23,4
 , , , , , , , , , , , , , , , , , , , ,0,70,4,10,3,0,41,8,0,41,23, , ,0,6, ,11,12,9,5,27,2
30,2,12,2,78,190,0,1,35,20,15,21,5,14,17,16,16,13,7,16,0,28,2,15,3,0,180,1,1,32,21,10,23,6,18,14,14,15,11,5,21,5
67,2,13,3,0,85,7,3,42,23,16,18,6,8,18,14,16,11,6,25,8,60,2,17,5,0,85,3,1,39,25,15,13,5,27,17,14,14,12,6,26,8
44,2,9,2,60,105,0,1,39,25,27,13,5,8,18,17,13,13,8,23,3,39,2,13,3,36,104,1,0,39,22,22,7,5,10,17,15,15,14,5,17,0
44,2,11,2,40.32,78,1,0,33,25,22,18,5,4,18,13,18,14,6,24,8,43,2,9,2,38.304,78,1,0,37,27,23,11,5,14,18,15,17,14,6,24,8
 , , , , , , , , , , , , , , , , , , , ,0,21,3,15,3,0,30,1,0,28,14, , ,0,9, ,18,17,11,10,26,5
72,2,13,3,0,48,5,0,42,31,26,9,5,20,15,12,15,9,9,20,6,71,2,8,1,0,57,7,3,36,22,14,11,5,10,10,15,14,11,5,17,6
29,2,13,3,52.8,62,0,1,33,29,16,16,7,15,7,15,14,8,7,23,6,25,2,12,3,0,61,0,4,34,23,15,13,7,16,11,13,12,11,7,23,5
56,2,19,5,62.4,98,1,0,35,21,24,10,5,20,10,18,15,11,8,23,10,51,2,11,4,45.6,98,2,1,32,23,24,8,1,16,16,17,15,13,6,29,11
55,2,17,5,68.4,128,3,0,36,22,12,15,5,10,11,15,15,12,5,19,1,52,2,12,3,67.2,118,1,0,38,29,17,16,5,17,12,14,15,12, ,15,2
49,2,8,2,87.024,136,0,0,40,27,19,11,5,8,14,17,16,14,5,14,3,47,2,12,3,57.6,136,2,0,34,24,20,10,5,23,13,16,15,12,6,16,5
73,2,11,2,0,58,8,4,38,22,21,19,5,6,14,13,16,12,8,27,9,68,2,11,3,0,58,13,4,30,23,16,14,5,16,13,15,19,14,8,26,9
 , , , , , , , , , , , , , , , , , , , ,0,66, ,9,1,0,40,3,0,37,27, , ,0,7, ,18,13,12,6,18,5
 , , , , , , , , , , , , , , , , , , , ,0,27,1,12,2,0,28,6,4,25,19, , ,0,17, ,19,13,11,9,27,5
51,2,17,5,96,190,1,0, ,27,19,8,5,18,11,14,16,14,6,19,3,50,2,14,3,61.2,94,3,4,37,19,18,10,5,5,9,14,18,8,11,29,11
61,2,12,3, ,87,6,2,32,21,9,19,6,12,10,15,16,15,11,26,10,55,2,11,2,0,91,3,0,37,21,13,21,6,8,10,15,17,14,8, ,9
32,2,15,3,102,165,0,0,39,29,23,11,5,17,18,14,15,12,7,12,0,30,2,14,3,48,180,0,0,29,29,27,9,5,16,14,13,17,11,5,12,3
24,2,12,3,54,110,1,1,32,27,15,12,5,8,11,17,15,14,7,23,7,23,2,12,2, ,100,0,0, ,21,15,11,5,8,12,15,13,12,6,30,7
 , , , , , , , , , , , , , , , , , , , ,0,29,1,15,4,60,87,0,0,44,27, , ,0,9,9,17,18,13,8,22,1
63,4,13,3,0,40,5,0,39,24, , ,0,24, ,17,12,10,8,22,8, , , , , , , , , , , , , , , , , , , , ,0
35,2,13,3,84,145,0,0,37,25,18,14,6,9,11,13,15,11,8,26,5,32,2,13,3,0,145,3,1,36,22,13,16,8,20,13,12,13,12,12,26,7
42,2,13,4,78,143,0,0,40,28,25,12,5,15,16,15,15,14,4,14,3,37,2,13,3,52.8,143,0,0,39,28,25,11,5,14,14,16,17,15,4,14,3
35,2,18,5,78,115,1,0,36,20, ,22,6,13,10,15,15,12,5,17,1,35,2,17,5,63.6,115,1,0,37,21,15,17,5,18,11,16,15,14,5,19,1
32,2,14,3,66,140,0,1,34,26,17,13,6,15,11,15,20,15,7,20,3,30,2,13,3,57.6,140,0,0,41,8,8,15,6,4,17,17,16,12,8,21,3
 , , , , , , , , , , , , , , , , , , , ,0,40,3,15,4,54,55,2,0,29,19, , ,0,17,15,14,14,14,8,24,6
 , , , , , , , , , , , , , , , , , , , ,0,48,4,13,3,69.6,48,3,2,35,29, , ,0,8,13,17,13,13,6,22,6
 , , , , , , , , , , , , , , , , , , , ,0,48,3,15,3,72,96,1,0,34, , , ,0,18,10,15,15,10,9,20,4
36,2,17,3,72,200,1,0,47,35,15,15,8,17,11,14,17,7,4,13,0,33,2,13,3,57.6,200,0,0, ,25,18,11,9,10,10,18,15,14,4,16,1
57,2,12,3,84,150,1,0,43,31,24,8,5,15,20,14,12,14,6,28,4,50,2,12,3,48,150,0,0,32,16, ,18,5,30,19,17,17,13,5,28,3
38,2,9,2,100.8,144,4,0,32,21,27,15,6,7,20,14,16,14,11,29,9,42,2,9,2,51.6,124,3,0,34,24,17,12,6,17,20,15,13,13,11,29,8
42,2,18,5,115.2,130,2,3,42,27,12,20,5,33,8,18,10,13,12,27,10,42,2,18,5,60,120,1,0,43,28,19,15,8,22,9,16,16,16,5,18,2
58,2,17,5,96,165,1,0,31,23,20,13,5,5,10,10,10,9,6,22,0,53,2,11,3,50.4,165,7,4,35,25,23,6,5,18,13,14,11,11,6,16,0
49,5,8,2,60,60,10,0,35,26,24,7,5,15,11,15,17,11,11,23,11, , , , , , , , , , , , , , , , , , , , ,0
 , , , , , , , , , , , , , , , , , , , ,0,44,3,17,5,72,121,1,1,29,17, , ,0,18, ,7,11,11,6,28,3
37,2,12,2,60,120,5,2,32,19,16,15,5,5,2,8,11,5,12,26,9,31,2,12,3,43.2,120,6,0,23,15,8,19,5,1,8, ,10,6,14,19,9
44,2,13,3,4.5,204,2,2,25,22,12,15,14,17,13,13,15,12,9,24,5,44,2,13,3, ,120,4,0,33,22,14,13,5,25,17,20,16,15,9,21,6
34,2,15,3,72,158,0,0,30,25,27,6,5,1,2,13,12,12,9,27,7,35,2,13,3,62.4,158,12,4,41,30,28,9,6,15,11,14,15,12,9,25,7
41,2,12,4,156,195,1,0,37,22,28,8,5,5,12,20,19,15,10,22,5,44,2,12,4,81.6,195,0,0,38,27,18,9,6,24,13,15,14,13,10,23,5
 , , , , , , , , , , , , , , , , , , , ,0,52,3,13,3,324.48,110,2,0,36,24, , ,0,21,13,17,17,14,7,23,0
 , , , , , , , , , , , , , , , , , , , ,0,40,3,13,3,54,51,0,0,40,28, , ,0,19, ,20,16,15,14,30,11
50,2,12,3,1008,1070,1,0,33,19,19,24,7,3,6,16,12,10,4,6,0,41,2,13,3,69.996,100,0,0,32,26,14,14,8,25,11,16,16,13,5,12,0
39,2,17,3,84,130,0,0,46,30,28,10,5,23,16,19,20,12,7,18,1,36,2,13,4,0,111,0,0,47,27,25,8,6,16,13,20,19,16,6,10,1
42,2,12,2,66.816,108,1,2,35,23,17,17,8,14,13,15,15,11,8,24,6,42,2,11,2,32.4,108,1,0,37,26,19,15,8,13,14,17,15,11,6,24,5
39,2,12,2,67.2,100,0,0,38,19,20,11,5,10,9,17,16,15,10,24,8,39,2,13,3,55.2,104,5,1,40,17,25,7,5,15,13,17,18,14,11,29,8
 , , , , , , , , , , , , , , , , , , , ,0,59,3,11,2,0,32,3,3,28,20, , ,0,15, ,18,14,9,9,23,10
 , , , , , , , , , , , , , , , , , , , ,0,39,3,13,3,75.6,113,3,1,34, , , ,0,27,11,17,16,12,9,23,7
26,2,14,3,60,85,0,0,42,29,14,18,5,11,10,15,15,12,9,20,12,24,2,12,3,0,84,1,1,37,27,11,21,7,19,14,20,15,15,9,20,11
50,2,11,4,96,160,1,1,32,21,15,15,6,14,13,12,15,12,8,22,6,49,2,13,4,60,160,1,1,34,25,20,14,5,23,14,12,14,11,6,19,0
56,2,16,6,100.008,168,8,1,36,28,18,11,5,19,3,15,15,15,5,29,10,54,2,12,3,60,120,3,0,39,26, , ,0,35,2,14,12,13,10,30,6
29,2,12,2,252,72,0,0,38,28,19,17,6,13,11,18,16,13,8,17,8,29,2,11,2, ,72,0,0,35,22,13,15,5,3,16,16,14,10,8,18,3
 , , , , , , , , , , , , , , , , , , , ,0,48,1,12,4,0,63,9,4,26,18, , ,0,19, ,19,18,15,9,25,13
 , , , , , , , , , , , , , , , , , , , ,0,44,3,13,3,60,70,0,0,45,29, , ,0,26, ,11,12,9,12,26,12
48,2,8,2,144,130,1,1,33,21,22,14,5,26,18,17,15,11,7,28,10,38,2,8,2,84,110,0,3,32,17,20,17,5,17,19,17,16,10,10,28,9
28,2,12,2,84,87,0,0,40,29,22,6,5,13,17,19,19,14,12,28,9,28,2,13,3,25,87,1,0,37,27,23,5,5,7,14,19,18,14,12,28,10
63,3,10,3,0,28,13,0,36,27, , ,0,2,9,17,12,12,10,17,7, , , , , , , , , , , , , , , , , , , , ,0
 , , , , , , , , , , , , , , , , , , , ,0,49,2,12,3,76.8,156,0,0,40,28,10,30,12,30,18,16,17,13, ,16,2
40,2,18,5,180,200,0,0,40,30,22,12,7,22,19,20,17,15,6,14,0,38,2,13,3,54,200,1,0,36,26,19,13,11,19,14,17,15,14,6,13,1
53,2, ,5,300,400,2,0,37,28,23,18,6,13,6,15,14,13,8,14,1,47,2,13,3,144,400,6,1,44,35,23,14,7,30,14,16,18,14,6,17,1
37,2,18,5,96,74,3,1,38,22,16,15,5,10,10,16,15,15,12,19,10,32,2,17,5,0,84,4,3,31,20,6,27,17,25,9,18,19,13,12,29,8
42,2,21,5,120,252,0,0,28,23,20,12,5,16,13,15,15,9,5,26,1,38,2,14,3,48,252,3,0,28,21,23,13,5,10,13,17,15,13,9,27,5
 , , , , , , , , , , , , , , , , , , , ,0,37,1,19,5,76.608,90,1,2,20,21, , ,0,25, ,16,16,13,8,30,10
57,2,13,3,84,140,8,4,27,22,16,18,7,18,14,14,11,10,7,26,4,56,2,11,3,66,0,9,0,30,18,16,22,5,24,15,12,10,10,6,22,1
57,2,19,5,120,216,0,2,37,28,20,15,6,25,8,14,15,11,5,22,3,49,2,17,5,156,216,1,2,35,25,20,15,6,18,10,12,15,13,5,22,3
47,2,21,5,102,230,2,2,30,24,8,23,11,29,8,11,13,8,12,30,9,47,2,12,4,60,196,3,2,30,21,8,20,11,12,13,19,17,13,10,27,5
46,2,13,3,72,180,3,2,33,20,14,11,6,20,11,15,13,13,6,23,3,42,2,13,3,84,180,2,0,37,27,16,8,5,6,16,12,13,11,5,19,1
47,2,8,2,61.44,130,7,0,36,22,24,14,5,16,15,9,14,13,6,30,10,45,2,12,2,27.6,120,5,3,39,28,25,11,5,32,18,20,20,16,8,25,9
 , , , , , , , , , , , , , , , , , , , ,0,58,1,23,5,75.696,90,2,1,33,17, , ,0,25, ,17,14,15,10,30,6
41,2,13,2,150,200,2,2,42,33,7,15,5,28,14,20,16,15,7,13,1,43,2,14,3,78,200,2,0,40,25,12,10,5,15,17,20,18,14,9,15,3
51,2,17,5,90.72,200,1,1,36,27,18,17,6,15,2,12,10,13,8,28,11,49,2,16,5,60,200,3,3,30,21,7,16,5,31,10, ,17,10,11,29,12
65,2,13,3,0,70,5,0,31,23,20,13,5,27,12,16,14,12,9,17,4,61,2,12,4,0,70,8,4,40,18,19,9,5,14,9,19,15,11,5,11,4
52,2,19,5,87.6,155,0,0,34,26,9,17,14,10,7,14,15,12,5,24,3,48,2,13,3,64.8,150,1,0,36,25,11,22,14,19,10,13,15,12,5,11,1
 , , , , , , , , , , , , , , , , , , , ,0,38,3,13,3,72,180,1,2,38,25,21,5,0,4,9,15,15,13,4,18,0
 , , , , , , , , , , , , , , , , , , , ,0,45,4,14,3,84,90,1,0,38,28, , ,0,20, ,19,18,15,8,21,2
70,2,20,5, ,57,11,1,45,34,28,17,5,11,5, ,11,11,4,12,3,67,2,9,2,0,57,10,3,48,30,28,12,5,13,2,8, , ,6,12,2
47,2,21,6,1560,500,3,0,42,25,21,11,5,24,13,16,15,10,5,16,0,46,2,17,3,66,500,4,0,39,26,20,13,5,20,11,15,16,11,5,15,0
40,2,13,3,360,430,4,1,38,28,10,15,6,7,9, ,13,11, ,10,0,43,2,12,2,44.4,150,1,0,28,23,14,18,5,17,11,20,16,16,4,14,1
44,2,12,4,82.656,173,0,0,42,30,23,6,5,19,13,13,19,11,11,24,8,36,2,12,3,39.6,173,1,0,37,28,23,7,5,17,12,13,16,9,12,27,7
 , , , , , , , , , , , , , , , , , , , ,0,47,2,15,3,90,110,2,1,32,25, , ,0,31, ,10,10,8,12,22,8
 , , , , , , , , , , , , , , , , , , , ,0,41,3,14,3,48,90,2,2,31,19,11,26,8,21,10,16,16,12,9,22,8
71,2,14,4,0,74,5,4,40,24,24,12,5,14,19,13,16,13, ,27,11,69,2,13,3,0,75,5,4,40,23,26,10,5,30,19,13,16,14,6,26,10
40,2,12,3,84,117,0,4,37,18,10,17,7,21,13,17,13,9,11,22,10,37,2,18,5,0,117,0,2,37,25,19,11,5,28,13,15,16,13,8,22,11
37,2,12,2,70.56,80,6,4,22,19,18,15,3,17,15,15,14,11,10,26,7,33,2,17,3,50.4,130,5,0,32,27,15,16,2,20,13,15,16,14,11,20,9
 , , , , , , , , , , , , , , , , , , , ,0,80,4,12,2,0,26,7,0,48,20, , ,0,0, , , , , , ,0
30,2,18,5,104.4,105,0,3,31,26,21,16,14,18,11,16,12,14,8,16,3,30,2,13,3,48,105,1,4,37,25,19,12,15,13,12,17,16,12,6,12,1
65,2,16,5,0,75,10,4,33,19,17,16,5,27,9,9,7,10,8,20,8,60,2,13,3,0,75,8,4,34,25,20,10,5,19,10,14,15,11,8,24,8
33,2,18,5,114,95,1,0,36,27,13,19,8,12,11,14,15,13,6,20,5,33,2,18,5,0,100,4,1,35,31,13,17,7,9,18,19,17,16,7,18,2
29,1,20,5,228,300,0,0,41,32,15,21,6,19,14,15,15,12, ,14,2,29,2,15,4,60,300,0,1,28,21,17,18,7,11,14,17,16,13, ,14,2
38,2,18,5,130.008,180,1,2,41,28,23,11,5,10,13,17,19,14,4,15,0,35,2,17,5, ,180,1,2,32,22,20,9,6,31,13,17,17,15,6,17,2
 , , , , , , , , , , , , , , , , , , , ,0,44,4,15,4,0,50,8,4,40,27, , ,0,10,9,15,10,6,13,25,12
 , , , , , , , , , , , , , , , , , , , ,0,36,1,13,3,66,118,2,2,27,25, , ,0,25, ,10,10,10,8,26,9
79,2,17,5,0,88,1,1,34,21,26,12,5,28,13,10,14,9,7,27,5,73,2,8,2,0,88,2,4,31,20,26,12,0,28,15,9,13,7,7,26,5
33,2,15,2,0,0,3,1,24,21,21,11,11,0,7,15,9,8,8,30,12,32,2,16,4,72,0,5,1,22,17,15,20,11,10, ,10,10,7,9,30,9
59,2,11,2,0,67,0,0,42,32,25,13,0,3,15,13,14,10,12,28,8,58,2,11,3,0,6,4,2,42,32,28,12,0,8,16,14,14,9,13,28,8
51,2,13,3,72,150,1,0,38,32,22,14,5,25,12,8,16,13,7,24,3,51,2,13,3,0,150,7,4,44,30,19,11,5,33,15,20,19,14,6,21,1
 , , , , , , , , , , , , , , , , , , , ,0,51,1,14,4,96,150,1,2,31,20, , ,0,34, ,18,19,15,8,14,2
37,2,12,1,47.232,150,1,0,41,26,17,14,5,16,9,14,16,11,9,21,6,39,2,13,3,48,150,0,0,34,27,5,25,8,22,10,18,18,15,6,23,6
51,2,19,5,144,199,2,0,38,26,21,15,5,23,14,16,16,13, ,22,7,47,2,15,3,60,200,5,0,25,23,19,9,5,5,20,16,15,13,8,23,7
37,2,24,5,60,100,2,0,38,28,11,23,11,25,14,16,15,15,9,19,10,35,2,17,5,50.4,125,0,0, ,22,17,14,9,26,13,15,16,13,7,25,8
44,2,13,3,66,86,1,1,33,26,20,11,5,16,8,14,15,10,8,25,7,40,2,12,2,0,86,4,1,32,27,21,10,6,32,9,16,17,14,10,26,12
45,2,13,3,0,180,2,0,31,24,18,18,4,23,10,11,13,13,7,11,1,43,2,13,3,60,180,1,1,40,31,21,14,5,37,10,18,18,14,6,11,1
35,2,18,5,156,162,0,0,42,28, ,10,5,16,14,15,18,13,3,15,0,28,2,12,3, ,162,0,0,37,27,21,8,5,14,17,17,18,12,3,17,0
45,2,18,5,66,120,2,0,34,21,17,15,5,24,6,11,13,8,7,23,6,41,2,13,3,0,120,2,1,37,26,18, ,5,23,11,13,15,10, ,23,7
66,2, ,3,0,70,4,2,27,22,16,19,9,9,16,16,12,11,9,16,5,61,2,13,3,0,70,3,2,32,19,15,22,6,7,20,11,14,10,8,23,6
38,2,18,5,216,88,1,0,49,32,16,9,7,19,11,8,11,8,3,14,1,33,2,17,5,0,89,0,0,34,31,14,10,6,22,12,17,19,15,6,18,8
63,2,8,2,0,66,0,0,35,28,20,8,5,18,12,16,17,12,6,13,7,63,2,12,3,0,66,0,0,35, ,18,11,5,17,15,15,15,13,5,15,7
58,2,14,3,96,215,8,1,42,26,24,14,5,28,11,15,17,10,8,27,2,57,2,13,3,72,215,11,1,31,18,15,17,5,23,10,15,19,9,8,27,2
38,2,17,3,84,130,1,0,32,26,24,9,5,16,5,13,13,12,7,18,1,37,2,18,5,60,110,3,1,30,22,17,16,6,24,11,17,19,14,6,22,1
48,2,16,5,120,150,2,0,38,25,17,14,5,23,19,17,18,13,8,19,4,42,2,13,3,56.4,150,1,2,37,23,16, ,6,18,14,14,16,13,7,17,5
 , , , , , , , , , , , , , , , , , , , ,0,23,3,16,4,0,100,0,0,43,30, , ,0,21, ,17,20,16,7,20,5
42,2,18,5,78,138,0,0,43,26,21,10,5,15,8,10,13,11,6,22,6,43,2,12,4,64.8,138,1,0,35,25,20,12,5,24,5,15,15,12,6,22,6
47,2,9,2,0,81,8,4,40,29,13,22,11,4,12,14,17,12,8,22,8,45,2,12,3,0,78,1,0,32,23,13,20,17,20,10,11,16,10,7,23,5
50,2,18,5,132,180,0,0,38,28,22,11,5,9,11,14,14,12,6,15,3,47,2,15,4,79.992,180,1,4,42,18,25,11,5,31,19,14,16,14,8,23,6
69,2,14,3,0,71,7,1,38,26,19,14,5,8,20,13,14,11,9,26,11,64,2,12,3,0,71,3,0,39,30,20,14,5,23,17, , , ,9,27,12
46,2,17,5,121.2,174,2,1,47,25,21,10,5,13,10,10,14,8,8,22,4,43,2,13,3,55.2,174,0,0,36,19,20,16,4,11,15,16,17,13,8,23,4
 , , , , , , , , , , , , , , , , , , , ,0,63,3, ,3,0,70,7,4,30,21,19,15,0,24,9,16,14,9,8,23,9
 , , , , , , , , , , , , , , , , , , , ,0,45,1,14,4,54,92,1,0,26,21, , ,0,17,9,14,14,10,8,26,6
23,2,13,3,50.4,154,0,1,39,31,22,8,6,12,14,19,20,16,4,19,5,24,2,16,5,96,154,0,0,36,26,23,8,5,9,13,17,20,16,6,20,2
38,2,22,6,84,105,1,2,29,24,17,17,6,15,12,14,13,12,9,18,4,38,2,18,5,0,105,1,1,32,23,14,16,5,31,6,11,14,11,5,15,7
35,2,19,4,115.2,170,0,0,34,18,14,22,6,13,8,15,13,11,6,17,0,30,2,13,3,0,130,1,1,35,25,14,18,8,21,8,16,15,13,6,22,4
40,2,16,3,172.8,220,0,0,33,29,16,13,0,12,19,15,14,12,9,23,13,40,2,13,2,0,200,2,0, ,24,21,15,5,22,19,13,11,12,8,23,11
 , , , , , , , , , , , , , , , , , , , ,0,31,3,16,5,30,60,0,0,34,26, , ,0,21, ,15,11,12,8,21,6
78,2,13,3,0,90,8,4,38,21,21,15,5,25,11,15,11,9,9,24,10,70,2,13,4,24,90,6,4,38,25,20,14,5,29,18,16,13,10,9,24,10
42,2,12,2,102.816,147,0,0,34,26,22,10,5,22,14,16,15,12,7,21,0,41,2,12,2,42.24,147,0,0,36,24,23,12,5,14,15,14,15,13,9,24,2
28,2,13,3,52.8,195,7,1,34,27,22,9,8,12,10,15,10,9,14,30,9,25,2,12,3,36,196,1,0,36,26,13,17,5,8,15,15,17,15,4,26,7
27,2,12,2,93.6,111,2,0,32,27,15,13,6,11,2,13,11,10,6,22,1,24,2,12,3,0,111,0,4,32,25,14,16,8,5,9,13,14, ,10,23,6
47,2,8,2,168,180,0,0,39,26,22,15,5,5,17,15,15,14,4,14,0,46,2,14,3,63.6,164,2,1,35,29,15,11,6,12,13,16,17,14,8,24,9
33,2,18,5,120,190,0,1,39,31,12,21,17,26,17,20,17,15,8,18,3,25,2,17,5,110.88,0,1,1,37,24,12,17,8,12,7,12,13,10,8,17,0
42,2,11,2,84,150,0,0,34,24,23,10,5,5,21,20,19,14,5,12,0,42,2,13,3,66,150,0,0,32,23,17,10,5,14,21,20,19,14,5,12,0
65,2,16,3,0,64,5,2,39,28,27,8,5,24,13,19,18, ,10,25,7,61,2,11,2,0,64,7,4,38,21,28,6,5,16,13,20,18, ,10,26,7
 , , , , , , , , , , , , , , , , , , , ,0,33,1,13,3,55.2,58,1,0,41,25, , ,0,10,17,19,18,15,9,27,8
48,2,17,5,180,126,2,1,38,25,11,21,5,19,12,16,17,13,6,14,2,46,2,13,3,63.6,120,3,4,31,18,16,16,7,8,7,12,14,12,7,21,3
54,2,12,3,63.6,116,0,0,29,25,12,13,5,9,15,13,15,10,7,18,4,46,2,13,3,57.6,117,0,1,30,24,11,16,5,20,10,12,15,10,7,18,4
42,2,12,3,126,70,2,2,32,24,26,10,5,3,12,15,17,13,6,26,7,40,2,12,3,29.196,70,0,0,42,20,12,25,5,17,12,18,19,13,8,26,7
29,2,14,2,80.4,92,0,0,42,35,22,11,6,16,14,17,15,10,8,27,6,29,2,12,2,0,92,4,4,42,32,19,9,5,11,9,20,19,14,10,16,6
58,2,13,3,0,90,4,0,38,29,20,8,5,25,19,18,15,14,5,22,7,48,2,14,3,42,90,1,0,39,30,20,8,5,35,19,18,15,14,5,22,7
45,2,13,3,60,140,0,0,35,25,19,14,5,11,13,15,17,14,8,18,6,42,2,13,3,64.8,140,0,0,34,25,17,14,5,14,12,16,15,12,7,19,5
23,2,12,2,54,94,0,0,38,27, ,9,5,24,7,17,16,13,8,25,3,21,2,12,3,49.2,94,2,2,35,28,18,8,5,17,10,12,13,14,10,26,3
 , , , , , , , , , , , , , , , , , , , ,0,37,3,15,3,57.6,80,0,0,22,19, , ,0,6, ,8,10,9,5,18,4
 , , , , , , , , , , , , , , , , , , , ,0,40,3,13,3,54,55,1,0,39,27, , ,0,19, ,15,15,13,6,23,11
56,2,15,5,60,130,0,1,47, ,24,11,5,26,12,14,17,14,10,24,9,52,2,15,5,62.4,120,2,0,45,16,23,15,5,35,14,12,16,14,13,26,14
30,2,16,5,62.4,135,0,0,32,26,21,13,5,15,14,14,15,12,7,21,3,30,2,16,5,67.2,135,0,0,42,33,21,13,6,21,14,20,20,16,6,16,7
 , , , , , , , , , , , , , , , , , , , ,0,37,3,13,3,48.768,66,1,0,37,18, , ,0,12, ,18,18,15,12,26,13
30,2,18,5,72,100,1,0,40,31,22,9,5,20,9,16,14,15,9,27,8,30,2,12,3,48,100,1,4,25,19,20,9,8,16,10,16,13,13,8,27,7
 , , , , , , , , , , , , , , , , , , , ,0,39,3,15,3,50.4,69,1,0,37,24, , ,0,12,10,14,14,11,6,24,10
39,2,12,2,46.368,88,3,4,48,31,25,10,5,21,16,16,12,12,10,28,11,34,2,12,2,0,88,2,0,38,24,23,8,5,14,17,19,17,13,10,30,11
58,2,13,3,48,144,0,0,43,27,21,8,5,21,18,15,16,11,6,20,6,52,2,8,1,33.6,144,1,1,42, ,21,8,5,10,18,16, ,12,6,18,6
34,2,18,5,96,123,1,0,36,26,17,10,6,8,11,18,15,12,5,18,2,31,2,14,3,20.7,124,0,1,38,28,21,11,9,13,11,16,15,12,5,20,1
45,2,12,2,40.32,55,2,0,34,23,14,19,8,8,13,17,15,12,10,19,13,40,2,12,2,44.352,55,4,1,39,21,14,19,9,10,17,17,13,10,9,20,9
37,2,12,2,9.216,145,0,0,36,25,18,16,5,10,10,13,15,10,7,19,0,35,2,18,5,84.672,140,1,0,34,25,18,15,5,15,12,14,15,12,5,19,0
35,2,18,5,84,96,0,0,40,21,22,16,5,12,11,13,18,14,4,16,1,29,2,12,4,42,96,1,0,28,20,23,12,5,14,9,11,12,12,4,23,1
 , , , , , , , , , , , , , , , , , , , ,0,60,3,13,4,0,34,0,0,40,30, , ,0,29, ,19,17,15,7,27,9
37,2,12,2,108,180,3,0,34,22,17,20,12,10,18,16,15,13,5,19,0,37,2,13,3,60,180,1,2,34,18,16,23,8,16,20,16,15, ,5,17,0
46,2,14,3,55.2,84,2,0,30,24,21,8,5,1,2,12,12,10,12,24,7,44,2,13,3,19.992,75,2,0,32,25,16,9,5,7,2,12,12,10,10,22,7
 , , , , , , , , , , , , , , , , , , , ,0,49,3,15,4,67.2,92,13,3,35,23, , ,0,19, ,14,16,13,11,29,12
49,2,11,2,15,94,5,4,40,26,21,11,5,3,10,15,11,9,10,25,4,51,2,17,5,84,200,4,2,28,23,16,13,7,25,8,13,14,13,8,18,7
38,2,17,3,60,123,0,0,31,18,17, ,6,5,16,18,15,14,4,24,3,36,2,17,5,69.6,123,1,0,28,18, , ,6,11,14,16,15,14,4,22,0
52,2,10,2,38.4,107,5,1,43,28,20,11,5,8,19,14,16,12,8,23,0,49,2,11,2,38.4,107,8,2,42,29,18,12,5,14,12,11,13,10,9,19,5
65,2,8,2, ,0,13,0,30,19,6,18,9,0,12,14,11,10,9,27,4,63,2,9,1,0,0,18,1,24,15,5,23,11,10,9, ,13, , ,27,6
47,2,12,2,57.6,110,4,2,29,25,12,14,5,12,10,16,14,8,10,24,3,43,2,16,3,66,110,4,4,40,28,12,12,5,16,13,15,16,13,10,24,4
53,2,11,2,80.64,140,1,4,39,18,16,19,5,8,11,13,17,13,10,26,7,48,2,13,3,73.32,141,7,4,39,23,20,17,5,21,18,15,16,11,9,27,7
37,2,13,3,72,150,1,0,38,24,12,17,5,6,8,17,15,13,8,25,6,49,2,12,4,54,150,1,1,27,27,24,10,5,20,9,13,15,12,9,27,5
 , , , , , , , , , , , , , , , , , , , ,0,36,3,9,3,39.6,72,2,0,33,25, , ,0,16, ,19,15,11,7,19,7
65,2,13,3,0,107,3,1,35,25,21,11,5,16,18,18,15,14,6,21,1,58,2,13,3,0,107,4,1,35,23,23,11,5,10,17,17,15,12,6,21,1
62,2,6,1, ,35,4,2,33,28,21,15,5,9,15,15,13,11, ,28,9,57,2,10,2,0,23,7,4,36,28,24,15,5,10,16,16,14,12, ,28,9
25,2,11,2,31.416,0,2,1,34,24,23,10,5,14,20,20,15,14,12,27,13,22,2,11,2,0,19,2,0,36,24,21,9,5,22,20,18,15,14,10,27,13
31,2,9,3,57.6,112,0,0,37,25,20,13,5,12,14,19,18,14,13,10,11,29,2,13,3,30.72,100,3,4,29,21,13,13,5,6,10,15,14,10,11,29,10
35,2,12,3,54,110,10,4,43,26,18,14,5,26,11,13,15,14,6,22,6,30,2,11,2,36,110,1,0,36,26,18,13,5,7,13,16,16,14,6,22,6
38,2,13,3,90,140,0,0,37,25,15,13,0,18,13,20,18,14,5,14,1,38,2,13,3,0,140,0,0,35,25,17,12,0,8,14,20,18,14,5,14,1
32,2,12,2,48,70,1,0,31,23,15,16,0,4,15,13,12,10,9,23,11,27,2,11,2, ,71,1,1,30,20,15,11,0,14,16,13,15,11,6,19,7
29,2,12,2,72,120,0,0,41,23,19,16,0,8,12,17,15,14,8,13,1,30,2,17,3,0,120,0,0,37, , ,15,0,15,8,16,13,12,6,14,4
 , , , , , , , , , , , , , , , , , , , ,0,33,3,13,3,55.8,56,2,1,39,24, , ,0,12, ,18,19,14,13,28,8
48,2,11,2,56.4,54,0,2,32,24,22,11,5,3,9,18,15,4,6,27,7,48,2,12,2,38.4,98,0,2,32,16,17,15,5,14,16,11,9,7,7,28,7
 , , , , , , , , , , , , , , , , , , , ,0,30,3,12,2,0,130,2,1,28,28, , ,0,16,11,20,18,14,7,23,7
27,2,18,5,48,90,0,0,41,24,18,11,5,16, ,13,14,11,6,27,2,26,2,12,3,0,90,5,3,41,29,20,10,8,12,11,13,15,12, ,19,6
41,2,17,3,72,120,2,1,34,28,13,12,5,18,12,12,15,11,11,27,10,35,2,13,3,60,120,1,0,34,26,17,9,5,14, ,14, ,11,8,24,5
59,2,16,3,42,80,2,1,26,17,13,13,6,23,13,13,13,11,12,25,11,53,2,14,3,60,72,5,3,27,21,17,20,5,29,13,16,14,12,11,20,13
54,2,11,2,0,102,0,0,36,24,20,13,6,5,19,11,14,10,6,21,7,47,2,13,3,13,72,5,0,35,20,12,11,5,29,14,12,18,13,7,19,7
39,2,17,3,48,86,0,0,32,27,17,13,5,6,9,17,18,14,8,26,5,38,2,13,3,67.2,86,0,1,33,28,21, ,20,20,13,14,13,12,11,29,9
55,2,15,3,42,90,0,1,31,26,21,17,6,19,9,14,14,11,9,24,5,48,2,12,3,48,92,1,3,34,25,19,14,5,24,14,15,15,13,10,23,5
53,2,11,2,70.56,155,5,0,38,28,23,14,5,23,18,13,13,10,4,30,7,47,2,12,3,51.6,155,7,3,36,28,18,17,0,32,18,12,14,10,4,30,6
26,2,11,2,56.448,0,0,0,31,28,19,9,5,13,19,18,16,14,8,24,7,22,2,17,4,0,90,0,0,24,25,19,8,5,16,14,18,18,15,5,13,4
20,1,12,3,42,90,2,0,36,29, , ,0,16,15,17,16,10,9,17,1, , , , , , , , , , , , , , , , , , , , ,0
26,2,12,2,36,83,0,1,33,19,17,18,9,16,18,13,16,9,10,27,6,22,2,12,3,42,83,1,2,34,26,19,15,8,17,13,16,14,14,10,23,7
48,2,8,1,91.2,152,0,0,43,24,9,19,7,8,12,13,14,12,9,30,11,40,2,13,3,66,155,3,1,39,25,17,15,7,12,9,11,13,9,10,23,7
51,2,8,2,60,112,3,3,22,19,21,23,14,6, ,10,10,7,8,24,8,54,2,13,3,60,112,7,0,33,16,14,29,15,14,10,17,18,14,8,24,8
52,2,10,2,47.4,115,11,1,44,25,25,11,5,9,16,15,14,15,12,22,7,50,2,12,3,70.8,115,11,2,42,23,24,11,5,8,16,15,14,15,8,22,7
50,2,15,3,78,200,0,0,42,35,21,9,5,13,16,11,11,7, ,26,3,47,2,13,3,91.2,250,4,3,21,19,26, ,6,23,11,15,15,12,12,20,4
36,2,17,5,132,149,0,0,32,26,16,12,6,19,12,15,13,14,4,18,2,28,2,12,4,21.7,149,2,0,27,16,18,10,5,13,9,11,13,10,7,21,3
 , , , , , , , , , , , , , , , , , , , ,0,52,4,11,4,54,52,1,1,37,21, , ,0,9,10,12,11,10,8,25,5
45,2,12,2,66,228,1,0,39,28,21,11,5,11,15,17,19,16,8,28,3,43,2,12,2,33.6,228,2,0,39,28,21,15,5,13,15,17,19,16,8,28,4
51,2,8,2,81.6,141,0,0,35,24,19,16,6,6,9,12,14,11,7,23,7,48,2,9,2,60,142,0,0,33,24,12,18,7,37,16,14,14,11,7,23,7
42,2,9,2,66,90,0,2,33,23,22,10,0,29,16,9,17,12,7,21,8,38,1,9,1,21.84,28,16,4,39,23,24,7,7,20,14,18,14,11,9,28,10
 , , , , , , , , , , , , , , , , , , , ,0,50,1,16,5,105.3,107,1,0,37,25, , ,0,24,10,19,19,15,5,18,3
34,2,11,2,60,120,0,0,36,30,27,6,5,7,16,12,20,11,9,17,1,32,2,17,5,60,120,2,0,32,30,27,6,5,15,15,11,18,10,9,18,1
29,2,12,2,57.6,76,16,3,28,24,23,16,5,6,19,19,12,10,8,30,10,23,2,11,1,0,76,15,1,32,24,20,10,5,16,11,13,11,10,8,30,11
24,2,12,3,66,100,1,0,38,23,22,12,5,20,12,17,17,14,7,16,3,23,2,12,3,12.8,100,1,2,35,26,22,8,5,20,10,13,14,7,7,16,2
37,2,12,2,302.4,80,0,0,39,27,19,17,5,9,9,13,17,10,11,20,9,33,2,17,3,36,80,0,1,27,22,18,15,5,23,13,16,18,11,11,20,9
 , , , , , , , , , , , , , , , , , , , ,0,35,5,9,1,29.92,0,0,0,23,23,19,7,10,11,12,5,12,7,10,25,7
 , , , , , , , , , , , , , , , , , , , ,0,47,1,13,3,60,65,2,1,45,28, , ,0,10, ,12,12,12,6,17,0
38,2,12,2,42,81,8,4,28,19,16,16,5,2,10,15,14, ,13,26,12,35,2,12,2,0,81,3,3,34,23,18,11,5,18,15,18,13,12,13,29,12
61,2,12,4, ,88,14,3,43,26,25,13,5,4,13,20,20,14,6,12,2,63,2,19,3,0,88,2,1,41,23,25,11,5,21,13,20,20,14,5,12,5
 , , , , , , , , , , , , , , , , , , , ,0,65,4,12,3,0,49,12,4,29,21, , ,0,18, ,16,12,13,8,22,9
36,2,12,2,60,130,1,0,34,25,21,12,5,9,18,20,18,14,4,16,4,32,2,13,3,58.8,130,0,0,34,23,24,12,5,14,18,20,17,15,4,15,4
39,2,12,2,74.4,165,1,3,29,29,28,14,5,8,18,20,20,15,7,28,6,34,2,13,3,58.8,165,5,4,34,25,26,13,5,14,18,17,16,12,5,25,4
53,2,11,2,54,152,13,4,29,19,19,20,5,12,9,15,15,12,5,23,2,47,2,18,5,96,152,1,0,29,23,11,12,7,23,11,14,16,13,5,23,2
39,2,9,1,68.688,111,1,0,33,24,24,10,5,0,14,8,9,5,8,21,5,27,2,8,3,0,111,2,0,30,25,18,10,5,1,10,11,12,9,7,21,6
30,2,13,4,44.16,85,0,0,35,25,21,12,5,21,16,17,18,15,5,17,2,32,2,13,3,40.32,85,1,0,34,26,18,11,5,18,12,16,14,12,8,22,4
29,2,13,2,72,88,0,2,38,24,14,20,6,2,19,19,13,12,9,21,11,33,2,13,3,0,89,1,1,43,25,20,22,7,15,13,16,16,12,12,29,15
 , , , , , , , , , , , , , , , , , , , ,0,32,3,13,3,49.2,57,0,0,42,29, , ,0,13, ,19,20,16,9,24,10
 , , , , , , , , , , , , , , , , , , , ,0,41,3,13,3,64.2,57,4,0,31,20, , ,0,13, ,12,8,11,6,11,1
57,2,9,2,60,90,2,0,35,18,20,16,5,7,17,14,12,12,7,23,7,56,2,11,3,0,90,1,0,38,24,21,10,5,6,19,14,13,11,9,25,6
32,2,14,3,58.8,108,0,0,27,18,14,9,11,18,2,15,8,9,11,29,12,25,2,12,3,2.68,108,0,0,35,28,18, ,5,23,13,20,19,16,13,27,14
47,2,13,3,70.8,136,0,0,38,28,26,19,5,28,10,19,17,12,13,30,9,48,2,12,3,32.4,136,3,0,37,31,22,11,5,22,10,17,15,12,12,26,11
42,2,12,2,80.64,140,1,1,38,26,20,13,5,0,9,14,16,13,4,20,0,44,2,13,3,54,140,0,1,41,26,25,10,5,29,13,14,15,12,5,14,4
42,2,14,4,120,170,1,0,42,30,12,15,5,9,14,13,13,12,5,20,0,40,2,13,3,56.4,140,1,1, ,24,16,13,6,21,13,16,17,12,7,20,4
46,2,15,3,60,80,1,0,33,21,18,13,6,8,20,17,17,14,10,27,4,44,2,12,3,60,70,1,0,34,21,18,8,6,19,15,17,15,13,9,22,7
50,2,11,2,69.996,96,1,0,36,22,20,11,5,14,16,14,15,11,10,21,4,46,2,11,3,49.2,96,3,1,42,25,22,8,5,23,14,12,16,8,12,21,8
 , , , , , , , , , , , , , , , , , , , ,0,70,4,10,2,0,30,8,0,34,24, , ,0,14, ,16,16,11,6,24,7
38,5,12,2,60,93,1,0,39,31,15,9,5,18,12,17,17,14,9,23,6,43,5,13,3,0,93,5,2,33,32,20,8,5,17,17,18,17,13,8,22,4
51,2,17,3,60,102,3,2,35,26,27,11,6,8,18,17,17,13,7,22,6,36,2,13,4,48,84,1,0,29,25,21,10,5,5,20,18,17,15,6,26,3
 , , , , , , , , , , , , , , , , , , , ,0,40,1,12,2,38.304,60,2,4,25,17, , ,0,2,8, ,13,10,8,30,8
42,2,13,3,66,120,1,0,26,25, ,7,5,14,10,14,13,10,7,25,7,41,2,14,4,51.6,120,2,0,34,25,24,7,5,15,12,16,15,12,8,21,7
41,2,11,2,10,60,0,0,34,29,19,18,5,4,9,16, ,8,11,20,12,34,2,14,3,36,60,0,0,38,23,12,18,9,12,9, ,15,12,10,22,11
 , , , , , , , , , , , , , , , , , , , ,0,43,1,16,4,58.8,91,1,0,39,24, , ,0,15, ,13,11,10,13,28,9
43,2,9,1,64.8,0,0,0,36,22,24,9,0,12,16,19,17,15,12,25,11,26,2,9,1,0,0,0,0,37,22, , ,0,0,17,17,17,16,9,25,5
39,2,9,2,45.6,78,3,0,40,27,18,8,5,14,16,19,14,13,11,24,7,36,2,9,3,0,60,11,3,34,28,19,7,5,14,18,18,18,11,10,23,7
38,2,11,2,22.848,119,10,4,37,25,18,12,5,16,2,8,16,9,12,25,12,40,2,14,3,43.2,119,2,0,35,26,19,16,6,3,12,14,15,11,10,27,9
62,2,9,1, ,61,5,4,36,23,22,12,5,10,14,11,12,10,5,22,6,65,2,8,1, ,61,16,4,32,21,28,13,5,15,16,13,12,8,5,22,6
43,2,12,2,46.368,130,1,1,32,22,24,14,5,11,15,15,13,11,13,25,16,42,2,17,3,60.48,130,4,0,40,30,21,9,5,7,18,16,15,12,13,25,16
 , , , , , , , , , , , , , , , , , , , ,0,44,3,12,4,72,100,3,0,35,20, , ,0,17, ,15,13,11,8,18,5
41,2,12,2,66,108,1,0,40,31,8,15,5,2,12,13,16,11,9,26,5,38,2,11,2,36,108,7,4,33,21,11,12,5,6,13,14,15,8, ,26,7
57,2,12,3,0,0,0,0,40,20,12,21,6,20,9,12,12,11,6,19,5,55,2,12,3,0,135,1,0,40,22,15,19,6,18,14,19,19,15,6,18,3
33,2,19,5,96,0,0,0,32,31,12,17,5,14,9,14,17,10,9,23,9,27,2,13,3,4,84,2,0,38,29,20,9,5,9,12,20,17,14,8,13,5
 , , , , , , , , , , , , , , , , , , , ,0,70,3,10,3,0,33,2,1,37,26, , ,0,12, ,12,14,8,9,23,6
26,2,12,3,50.4,105,0,0,29,19,21,13,6,16,10,17,14,15,5,28,3,23,2,12,3,40,120,0,0,27,23,22,11,6,11,9,18,13,15,5,16,2
56,3,22,5,72,70,4,2,40,24, , ,0,14, , , , ,7,23,8, , , , , , , , , , , , , , , , , , , , ,0
35,2,12,2,19.5,100,0,0,40,24,23,16,5,4,13,16,18,10,6,20,3,35,2,13,3,43.2,100,0,1,38,27,17,11,5,18,12,12,14,9,7,21,6
30,2,17,5,108,67,0,0,39,31,21,12,5,15,12,14,18,13,4,16,1,27,2,12,4, ,67,0,0,35,25,24,12,5,9,10,13,14,8,4,19,2
 , , , , , , , , , , , , , , , , , , , ,0,44,3,11,3,84,113,1,0,32,28, , ,0,18, ,15,18,12,6,16,2
71,2,11,2, ,60,15,4,32,23,27,8,0,16, , , , ,6,24,11,71,2,11,3, ,67,7,4,33,22,24,8,5,3,18,20,20,16,6,24,10
31,2,17,5,0,170,1,0,44,27,19,8,0,8, , , , ,5,17,0,32,2,17,5,90,180,0,3,37,19,19,12,5,14,18,18,19,15,4,17,3
42,5,13,3,72,115,0,0,40,29, , ,0,15, , , , ,5,17,3,39,5,13,3,55.2,130,0,0,44,28,11,14,5,3,6,17,11,16,4,13,0
52,2,11,2,44.4,160,7,4,39,28,24,12,5,5,16,17,17,12,12,28,7,45,2,13,3,60,165,1,0,38,28,23,10,5,15,15,14,17,13,10,23,9
25,2,12,2,0,40,1,0,30,25,9,16,8,6,18,16,15,10,6,20,6,25,2,14,2,0,52,0,0,35,22,22,13,8,13, ,15,17,14,9,23,3
54,2,11,2,0,94,7,3,34,25,22,13,5,21,19,17,16,12,6,20,2,50,2,8,1,6.6,94,5,3,31,22,20,13,5,21,20,17,16,13,6,22,3
26,2,12,4,90,100,0,0,34,27,14,17,5,22,13,18,15,11,7,15,6,24,2,11,3,0,100,0,0,32,24,16,15,6,13,14,14,15,12,7,16,6
 , , , , , , , , , , , , , , , , , , , ,0,67,4,8,1,0,37,5,3,38,16, , ,0,8, ,14,14, ,6,27,6
57,2,14,3,72,180,2,0,37,30,19,20,6,27,15,17,19,12,6,20,4,52,2,11,3,60,180,6,2,37,28,19,8,5,14,16,15,15,13,6,21,4
45,2,12,2,96,150,0,0,36,26,26,15,5,23,12,14,15,13,6,17,4,45,2,13,3,60,150,1,0,37,26,24,10,5,25,13,14,15,11,6,18,4
60,2,11,2,0,49,5,4,35,23,20,16,5,6,9,12,14,12,10,29,9,59,2,9,1,0,48,4,0,38,20,11,20,5,18,9,13,14,11,10,28,10
49,2,12,3,82.596,248,0,0,37,21,16,11,3,15,9,16,16,13,7,18,6,45,2,13,3,66,161,2,3,38,26,25,7,5,22,10,17,8,7,6,26,6
53,2,12,3,73.2,135,1,3,36,27,24,10,5,21,13,13,15,10,6,19,4,56,2,12,4,78,136,2,0,36,27,22,11,5,31,15,17,19,14,6,20,5
38,2,12,2,60.5,100,1,0,39,28,20,17,6,4,20,16,14,13,11,27,8,38,2,13,4,56.4,100,3,0,39,24,14,20,5,8,19,15,15,12,11,27,8
28,2,13,2,61.2,79,0,1,38,26,22,11,6,15,11,16,19,13,11,24,5,26,2,14,3,3.2,79,0,4,38,25,22,9,6,13,10,16,19,12,11,24,5
47,2,12,2,45.6,113,2,1,36,23,23,10,5,14,7,13,14,12,6,21,6,46,2,12,4,48,114,3,1,39,27,21,15,5,11,9,13,15,13,7,23,4
50,2,14,3,58.8,133,2,0,34,27,17,11,5,19,13,17,15,14,5,14,0,40,2,13,3,57.6,133,0,0,37,26,17,13,5,23,13,16,17,11,5,15,0
68,2,10,3,0,0,11,4,30,24,24,7,0,8,18,15,14,10,5,16,0,70,2,9,2, ,0,13,4,36,25,15,10,0,4,18,15,14,10,5,16,0
 , , , , , , , , , , , , , , , , , , , ,0,65,4,12,3,0,45,8,4,44,34, , ,0,11, ,20,20,16,6,27,9
26,2,12,2,56.4,68,2,0,40,28,25,10,5,8,18,16,15,13,5,20,3,24,2,12,2,0,68,1,0,39,27,26,8,5,10,18,16,15,14,7,21,3
56,2,9,2,52.8,104,4,0,34,28,23,7,5,16,20,19,17,14,9,21,8,52,2,8,2,51.6,104,3,0,38,29,22,7,5,0,20,15,16,11,6,22,6
63,2,11,2,0,0,1,3,30,25,28,14,5,0,9,15,13,10,9,25,12,61,2,9,1,0,0,3,3,35,25,26,16,5,2,15,12,11,9,7,25,1
 , , , , , , , , , , , , , , , , , , , ,0,40,3,11,2,54,71,4,4,35,27, , ,0,22,17,18,19,12,6,19,6
38,2,12,3,42,61,2,1,38,25,28,9,5,16,17,17,15,11,10,22,9,37,2,12,3,32.4,61,6,1,37,29,17,7,7,10,17,17,17,14,6,24,9
42,2,12,2,84,150,5,2,32,22,13,15,7,6,10,15,14,12,6,24,11,41,2,14,3,54,150,4,2,38,24,18,22,6,22,11,18,19,14,9,22,7
38,2,12,2, ,97,0,0,38,32,14,8,5,20,19,20,19,14,8,25,7,35,2,13,3,54,97,1,4,40,24,13,13,5,21,11,19,17,14,10,27,9
28,2,13,2,96,80,2,0,31,25,20,11,5,18,20,18,16,14,9,25,8,23,2,12,3,0,80,0,0,44,32,27,11,5,11,16,19,19,15,5,23,2
49,2,13,3, ,180,1,1,35,28,13,12,5,9,17,8,13,7,5,26,8,45,2,13,4,48,100,1,0,32,15,21,9,5,20,13,17,16,13,8,19,6
53,2,8,2,51.6,87,6,2,33,25, ,15,8,3,13,13,15,12,9, ,3,51,2,8,2,33.6,87,3,2,31,21,12,21,7,0, ,9,16, ,11,21,8
33,2,9,2,54,93,2,2,25,20,6,19,7,5,9,13,14,10,6,21,3,28,2,12,3,0,93,0,0,35,25,8,10,6,3,11,11,12,11,7,20,3
26,2,12,3,60,78,1,3,33,27,9,26,12,12,18,15,16,15,9,29,9,22,2,12,4,0,78,0, ,28,20,11,18,17,13,20,19,16,12,12,27,8
43,2,12,2,44.352,100,1,0,43,32,25,6,5,14,2,13,13,13,10,26,5,42,2,15,4,0,100,11,3,48,33,26,5,5,23,10,20,20,16,12,29,5
 , , , , , , , , , , , , , , , , , , , ,0,47, ,12,4,72,72,1,0,40,28, , ,0,24, ,15,17,12,8,21,7
 , , , , , , , , , , , , , , , , , , , ,0,71,4,12,3,0,0,11,3,34,22, , ,0,25, ,17,14,9,8,18,9
70,2,11,2, ,0,1,4,27,23,28,10,5,12,17,17,15,10,8,18,9,70,2,8,1, ,0,7,4,29,22,28,10,5,12,17,17,15,10, ,18,9
45,2,11,2,54,128,0,4,41,25, , ,0,3,17,14,14,10,7,18,5,33,2,12,2,0,128,0,0,35,27,21,8,5,15,15,15,16,12,10,21,8
53,2,15,3,90,115,3,4,38,27,20,17,5,15,12,14,16,11,7,19,4,45,2,9,2,31.2,115,4,1,31,24,24,6,5,4,20,10,14,11,7,24,4
34,2,9,2,72,96,1,2,39,26,28,5,5,5,13,12,13,12,9,30,6,32,2,9,2,0,97,8,1,34,27,19,9,5,6,12,14,13,12,10,27,5
42,2,9,2,60,106,0,0,38,27,16,11,5,10,15,17,15,13,10,20,10,37,2,9,1,33.6,106,0,3,21,19,11,21,9,15,11,15,14,13,11,21,7
 , , , , , , , , , , , , , , , , , , , ,0,28,3,13,3,0,26,1,0,38,26, , ,0,20, ,17,17,15,7,26,10
33,2,16,5,84,120,0,1,37,26,23,18,6,20,19,16,13,13,9,20,3,29,2,13,4,44.4,90,0,0,28,23,17,13,8,19,8,17,14,14,7,23,8
44,2,13,3,86.4,170,0,0,39,27,21,9,5,13,20,10,15,12,5,20,0,40,2,13,3,59.64,170,0,3,35,23,21,10,5,19,13,16,11,12,5,22,0
37,2,9,2,120,140,0,0,38,27,23,12,5,12,19,18,16,13,5,13,2,35,2,12,2,0,140,0,0,33,25,22,11,5,5,19,17,17,13,5,13,1
61,2,13,3,0,70,12,4,34,19,27,10,5,7,10,13,15,11,9,27,10,55,2,13,3,0,70,1,0,35,23,25,11,5,21,10,13,15,11,9,26,10
 , , , , , , , , , , , , , , , , , , , ,0,61,4,8,1,0,28,7,4,43,25, , ,0,2, ,16,16, ,7,29,3
30,2,9,3,0,94,0,0,38,30,20,16,7,14,15,16,14,13,9,18,3,35,2,14,3,13.5,113,0,1,40,28,20, ,8,16,15,17,17,14,10,24,12
54,2,11,3,54,88,1,0,46,21,23,19,5,32,9,15,17,11,7,26,9,49,2,12,2,44.4,88,1,0,44,22,25,17,5,34,10,13,17,10,8,26,8
68,2,16,3,0,0,3,0,45,32,23,7,5,16,3,10,11,7,10,24,9,71,2,10,2,0,60,13,4,39,29,23,9,5,10,6,11,12,5, , ,14
56,2,9,1,39.6,65,0,0,33,26,24,15,5,19,13,14,12,10,7,22,8,54,2,8,1,0,67,4,0,33,21,22,11,0,5,14,14, , ,7,13,7
 , , , , , , , , , , , , , , , , , , , ,0,40,3,17,5,78,80,1, ,46,29, , ,0,34, ,19,16,15, ,25,4
46,2,20,5,168,200,1,0,36,31,20,15,5,24,14,14,16,10,6,21,3,41,2,12,4,70.8,200,8,4,42,26,21,11,5,18,15,13,16,13,6,13,9
47,2,17,5,168,240,2,0,42,28,18,13,5,23,15,15,19,12,4,16,0,46,2,13,3,72,240,0,0,36,27,23,9,5,19,15,14,18,13,4,14,0
 , , , , , , , , , , , , , , , , , , , ,0,26,1,17,5,90,140,0,0,36,24, , ,0,11,10,15,13,14,5,21,1
27,2,9,2,76.8,125,0,0,40,26,21,13,5,19,16,14,15,11,6,20,2,25,2,12,4,49.2,105,1,0,39,29,13,24,6,26,18,13,15,5,5,27,4
 , , , , , , , , , , , , , , , , , , , ,0,33,1,17,5,84,75,5,0,32,26, , ,0,27, ,17,16,13,8,19,6
30,2,13,4,32,37,1,0,37,28,28,8,5,0,17,11,13,7,7,22,3,20,2,11,2,42,35,0,0,34,21,24,15,5,12,18,17,19,12,6,18,3
49,2,12,3,26.668,130,1,3,27,20,11,22,6,24,12,17,16,14,6,22,7,42,2,13,3,54,130,1,0,31,21,17,19,8,26,9,17,15,15,9,19,7
25,2,16,5,108,140,1,0,39,30,19,14,6,23,16,18,15,11,5,21,2,22,2,12,4,34.8,135,7,3,34,22,21,11,7,23,11,15,15,12,5,22,2
31,2,13,3,38.4,60,0,0,39,30,24,11,5,22,14,12,15,10,11,30,10,30,2,13,4,22.5,60,0,0,38,29,21,12,5,17,13,15,14,13,11,26,7
35,5,14,3,52.8,0,0,0,38,28,27,9,5,10,11,18,18,14,10,24,10,28,5,12,4,48,97,3,1,29,21,26,7,5,24,10,14,15,12,8,25,7
49,2,19,5,108,200,0,3,37,23,18,13,5,13,10,14,15,12,6,12,3,46,2,15,4,90,190,2,0,36,25,18,9,5,21,12,14,16,11,5,20,3
50,2,13,3,60,120,4,4,34,19,13,14,8,12,11,15,11,11,12,18,7,43,2,13,3,48.48,130,4,1,30,23,10,9,6,17,15,18,15,13,8,30,4
37,2,18,5,42,75,2,0,35,27,21,15,6,18,13,15,13,12,11,25,6,34,2,13,3,0,75,1,3,35,26,17,12,8,22,13,19,17,15,9,24,7
32,2,9,2,72,110,1,0,35,21,23,15,4,3,12,15,15,11,6,20,9,28,2,9,2,22,110,0,0,37,26,19,14,6,3,16,18,16,13,9,26,6
33,2,13,2,69.6,0,1,0,35,25,17,15,5,9,12,15,15,11,8,18,6,31,2,13,4,29.772,0,2,0,32,18,14,11,5,7,12,14,13,10,7,20,6
37,2,15,3,78,95,0,0,35,23,17,12,6,0,12,15,12,10,5,18,5,33,2,14,3,0,90,1,0,29,24,20,12,5,10,13,14,13,10,5,15,6
 , , , , , , , , , , , , , , , , , , , ,0,55,1,12,3,76.992,119,2,2,38,26, , ,0,17, ,16,17,13,6,19,0
46,2,12,2,60.48,82,3,0,37,28,20,12,5,9,14,14,14,12,7,21,4,45,2,13,3,0,82,2,0,37,28,18,13,5,10,13,14,14,12,7,21,3
69,2,11,2,0,93,4,4,40,26,22,16,5,16,14,15,14,12,10,20,8,59,2,12,3,0,93,7,4,41,25,28,9,5,18,14,15,14,12,10,20,8
38,2,13,3,72,130,0,0,37,28,21,12,7,9,10,14,15,13,8,26,10,34,2,13,3,49.2,125,5,2,32,25,9,20,6,19,12,18,19,16,10,26,11
26,2,12,2,96,70,0,0,35,24,22, ,5,7,12,15,17,13,7,24,3,25,2,12,2,0,70,1,0,34,24,23,13,5,17,12,17,18,14,6,24,5
39,2,19,5,89.52,150,2,0,37,33,24,12,5,14,18,18,15,16,5,12,3,40,2,13,3,62.7,158,2,0,37,27,21,10,5,22,18,18,18,15,7,15,2
 , , , , , , , , , , , , , , , , , , , ,0,43,3,13,3,38.4,41,1,0,28,20, , ,0,17, ,15,13,12,5,17,6
 , , , , , , , , , , , , , , , , , , , ,0,57,4,13,3,0,61,3,0,34,23, , ,0,10, ,17,12,8,8,18,1
41,2,12,2,115.2,114,1,0,40,26,16,19,5,18,10,13,14,11,8,22,10,41,2,13,3,38.4,114,3,2,28,25,15,22,5,20,11,12,10,9,6,19,9
28,2,13,3,48,73,0,0,34,23,17,15,5,6,14,16,15,11,11,21,8,28,2,12,3,0,73,1,0,34,25,18,11,6,25,10,15,15,13,8,20,8
46,2,18,5,72,125,1,1,35,24,13,20,5,17,15,17,16,14,6,21,9,43,2,13,3,51.6,126,1,0,35,26,12,22,7,24,12,15,12,14,7,25,7
40,2,13,3,60,125,0,0,43,30,23,17,5,16,15,16,16,15,7,15,6,33,2,13,3,45.6,125,2,1,41,27,20,9,5,14,15,16,14,12,7,23,5
 , , , , , , , , , , , , , , , , , , , ,0,33,3,12,2, ,35,4,4,29,19, , ,0,7, ,9,11,10,11,30,7
67,2,8,1,0,53,4,0,31,24,17,13,5,3,10,14,15,11, ,16,3,60,2,9,1, ,54,8,3,32,23,17,12,5,7,13,14,15,11,8,16,3
32,2,14,3,74.7,140,1,1,42,28,13,23,5,10,12,17,14,12,4,17,5,31,2,15,3,48,140,1,4,27,18,12,25,11,16,10,14,15,13,5,19,3
56,2,11,1,57.6,128,4,3,34,22,21,15,5,10,7,12,15,13,9,25,0,57,2,13,3,68.004,129,6,3,34,18,17,17,5,19, ,12,9,9,9,21,7
 , , , , , , , , , , , , , , , , , , , ,0,28,3,13,3,0,39,3,2,30,22, , ,0,17, ,11,14,11,9,25,10
 , , , , , , , , , , , , , , , , , , , ,0,65,3,11,3,0,0,8,0,27,21, , ,0,9, , ,12, ,8, ,11
23,2,12,2,45.6,79,1,0,35,25,18,12,5,4,19,14,17,12,9,19,3,19,2,12,3,36,79,1,2,33,25,20,11,5,11,20,14,15,13,7,20,2
43,2,12,2,60,100,2,0,36,24,25,12,5,11,16,16,15,12,6,18,4,40,2,13,3,42,100,2,1,30,22,18,14,5,13,16,16,15,12,7,25,4
37,2,12,2,60,86,0,0,38,22,17,19,5,6,11,14,13,10,6,25,8,36,2,13,3,36,86,1,0,28,17,17,16,5,12,12,12,13,12,7,25,10
55,2,18,5,120,170,2,1,39,25,9,10,0,28,10,12,12,9,8,22,5,50,2,11,4,70.8,160,1,0,29,22,13,11,5,22,15,16,14,11,6,23,4
41,2,12,2,57.6,109,1,0,31,24,16,15,7,13,12,11,11,10,10,29,12,35,2,12,2,34.56,109,1,4,35,25,11,11,6,17,11,14,14,12,7,22,9
36,2,13,3,27.72,70,1,0,33,24,12,18,8,14,15,16,14,11,9,23,9,30,2,13,3,42,70,0,0,29,20,9,21,7,19,15,15,14,11,7,28,9
48,2,9,2,57.6,100,2,4,32,23,19,13,5,17,16,13,13,10,6,23,4,46,2,11,3,0,100,15,4, ,23,19,11,5,5,14,14,15,12, , ,2
26,2,16,5,84,125,0,0,30,27,20,14,6,17,9,18,14,13,4,13,0,25,2,16,5,0,125,18,0,30,26,15,12,5,20,16,17,14,10,8,15,2
56,2,18,5,72,120,3,0,39,24,20,22,5,17,18,19,17,13,7,17,5,49,2,12,3,60,120,1,0,36,22,11,12,6,9,12,14,16,10,5,16,0
58,2,15,3,66,110,1,0,37,25,17,9,5,2,11,14,12,9,8,20,1,54,2,11,3,62.4,110,7,0,39,28,15,12,5,0,16,13,11,9,7,16,1
52,2,15,3,44.16,118,2,0,37,24,25,11,5,9,15,15,14,10,7,28,10,48,2,12,3,62.4,118,3,1,28,19,22,19,5,33,13,16,15,11,8,28,9
28,2,12,4,40,66,0,0,38,33,19,11,5,12,6, , , ,9,19,8,29,2,17,5,38.4,66,0,0,28,22,20,18,5,19,13,19,16,14,10,17,6
36,2,12,2,45,130,3,1,29,17,17,15,6,5,14,16,17,12,9,20,3,31,2,13,3,80.4,130,4,2,28,24,14,16,9,16,6,13,16,13,7,21,2
37,2,12,2,41.28,100,1,0,36,27,16,11,5,11,13,15,15,12,8,25,6,36,2,14,3,48,100,1,0,35,28,15,9,5,21,13,16,16,13,8,25,6
46,2,14,3,46.8,97,2,1,41,27,12,16,13,11,14,11,16,11,11,20,6,38,2,18,5,50.1,97,3,0,27,15,6,23,11,17,10,15,13,10,8,21,8
39,2,12,2,42,90,5,2,29,16,16,21,10,10,2,13,12,9,8,22,6,39,2,13,3,42,90,1,0,34,14,10,26,10,19,13,16,14,12,8,30,10
43,2,13,3,86.4,140,1,2,32,19,20,11,5,18,17,12,15,13,5,20,3,39,2,16,3,56.4,140,0,0,33,27,16,12,5,13,17, ,14,13,5,20,3
45,2,9,3,60,120,2,3,39,25,13,13,9,8,17,19,17,14,6,20,10,47,2,12,4,54,120,6,4,36,23,16,15,11,17,16,15,15,14,7,30,7
30,2,13,4,90,130,0,3,31,27,18,14,2,23,12,15,14,11,10,20,8,31,2,12,3,48,150,1,0,33,25,16,19,1,11,13,16, , ,12,25,14
 , , , , , , , , , , , , , , , , , , , ,0,62,4,8,1,0,0,2,0,30,25, , ,0,7, ,15,12,10,6,26,9
57,2,13,3,67.2,141,0,0,31,25, ,12,5,20,2,13, ,10,5,19,3,54,2,11,4,70.8,142,5,2,30,22,16,12,5,2,2,11,12,10, , ,0
23,2,11,2,50.4,86,0,0,48,34,25,13,5,20,11,20,20,14,12,27,11,23,2,12,4,8.4,86,3,2,27,18,24,8,5,27,11,19,17,13,12,24,10
43,2,12,2,66,115,0,0,38,24,14,17,5,8,11,16,19,12,11,22,5,35,2,15,4,46.8,112,0,0,40,26,14,17,6,18,9,16,19,13,6,19,1
30,2,17,5,216,180,0,1,33,29,17,13,5,18,6,14,16,10,5,19,0,30,2,18,5,0,180,1,0,37,26,17,8,5,24,9,13,14,11,6,21,0
32,2,13,3,84,96,0,0,37,28,17,12,5,19,10,14,16,11,7,20,1,25,2,12,3,9.6,92,1,0,33,27,16,15,13,5,12,15,16,15,7,26,5
30,2,12,3,120,370,0,0,48,32,23,10,5,14,11,17,12,9,8,14,4,31,2,13,3,0,370,0,0,47,26,19,6,5,3,12,16,13,9,7,11,2
45,2,12,2,66,161,6,4,35,27,27,8,5,18,2,17,6,7,6,25,6,48,2,11,3,60,248,3,0,24,19,13,13,5,14,8,14,14,12,10,19,7
32,2,18,5,80.004,130,1,0,36,23,19,12,5,17,18,16,17,14,12,20,4,27,2,12,4,56.4,132,1,1,33,25,21,11,5,14,20,16,15,9,12,19,4
39,2,13,3,54,100,0,0,34,23,13, ,5,8,9,15,15,12,12,28,13,34,2,13,3,56.4,100,0,2,34,25,11,13,8,15,11,17,17,14,13,30,13
 , , , , , , , , , , , , , , , , , , , ,0,42,3,14,3,60,84,6,3,38,26, , ,0,24,14, ,16,15,12,26,8
43,2,12,2,54,64,1,4,35,19,15,16,6,15,17,13,14,11,10,30,13,40,2,11,3,0,64,1,4,31,21,21,17,6,11,19,17,17,12,10,30,13
 , , , , , , , , , , , , , , , , , , , ,0,48,3,12,3,56.4,97,6,3,32,22, , ,0,18, ,18,17,9,12,30,13
34,2,12,3,60,75,1,0,29,21,15,23,8,5,13,10,12,9,10,30,9,25,2,12,3,0,75,2,4,32,22,17,17,6,10,18,13,17,11,14,29,14
34,2,17,5,78,134,1,2,36,24,14,13,6,9,8,13,14,9,9,22,6,34,2,13,3,60,134,3,4,37,25,15,12,6,26,10,14,15,12,5,17,5
35,2,16,3,72,90,0,0,37,26,8,7,8,14,16,17, ,14,10,25,8,28,2,13,3,50.4,100,0,0,39,24,22,10,9,17,15,20,15,15,12,28,13
51,2,11,3, ,168,5,3,36,23,20,15,5,9,10,16,14,10,6,15,1,51,2,11,3,54,168,3,4,36,24,24,13,5,22,11,17,17,11,5,13,1
37,2,19,5,74.4,100,0,0,26,20,20,12,5,13,2,11,10,8,6,18,6,31,2,12,3,40.008,110,1,3,29,24,18,16,5,0,2, ,9,10,8,24,6
47,2, ,1,0,85,0,3,35,23,28, ,5,5,13,19,20,15, ,22,6,47,2,12,4,54,85,3,0,33,21,19,10,5,19,12,14,15,11,7,22,6
40,2,12,2,72,151,3,2,38,25,19,12,5,5,2,13,13,11, ,23,6,38,2,13,3,49.2,174,2,1,38,28,17,10,6,17,7,14,13,12,7,23,5
70,2,9,4, ,71,10,4,36,25,23,11,5,13,10,15,14,11,8,24,9,69,2,9,4,0,71,14,4,35,27,24,11,5,17,11,13,14,11,7,23,8
25,1,8,1, ,80,7,4,27,25, , ,0,12, ,14,17,12,12,26,6, , , , , , , , , , , , , , , , , , , , ,0
39,2,12,2,76.8,133,4,3,30,20,13,18,5,12,2,10,8,9,7,21,7,35,2,13,3,57.6,130,5,3,34,25,16,20,5,17,14,15,18,11,6,23,8
40,2,13,2,43.2,116,2,4,38,26,27,8,5,9,15,19,16,14,11,27,9,39,2,13,3,58.2,117,2,1,38,28,26,8,5,14,15,19,16,14,11,27,8
54,2,9,2,48,108,0,0,37,24,26,10,5,7,16,15,13,12,5,16,0,52,2,10,3,66,108,1,0,40,26,23,10,5,15,16,16,13,12,5,16,0
 , , , , , , , , , , , , , , , , , , , ,0,20,1,12,3,0,50,1,0,34,20, , ,0,10,12,13,15,13,11,25,10
67,2,10,3, ,0,10,3,37,24,21,17,5,17,12,12,13,10, ,30,12,58,2,11,1,30,95,3,0,42,27,21,12,5,13,16,15,18, ,7,22,4
34,2,20,5,58.8,121,0,1,36,30,22,14,5,16,2,16,17,15,5,15,5,32,2,13,3,0,122,2,1,37,28,18,11,5,20,11,16,16,16,5,16,4
46,2,13,3,66,110,1,0,38,32,24,14,5,17,12,16,16,14,5,19,1,36,2,13,3,55.2,105,3,4,40,23,17,12,5,28,12,16,11,10,6,18,2
48,2,12,2,56.4,100,1,0,36,27,24,12,5,5,14,20,18,14,10,23,6,44,2,13,3,51.6,105,3,0,37,28,22,15,5,1,14,20,20,14,7,20,0
44,2,18,5,72,120,1,4,32,18,17,13,5,8,14,17,20,15,9,24,7,36,2,15,4,51.6,120,3,0,34,16,16,12,5,22,12,16,11,10,9,29,6
42,2,17,5,72,230,1,0,37,23,23,12,5,18,12,11,13,11,7,21,3,43,2,13,4,48,180,0,0,41,28,22,13,6,24,9,16,14,14,6,23,1
34,2,13,3,230.4,98,1,0,36,26,15,16,5,11,18,15,15,14,8,17,2,29,2,12,2,8.64,98,2,0,36,27,18,13,5,7,19,15,15,13,8,17,1
54,2,8,1,51.6,103,1,0,41,20,21,6,5,11,17,14,14,10,8,16,0,50,2,8,1,39.6,103,3,0,29,28,21,10,5,10,18,13,18,12,7,21,1
 , , , , , , , , , , , , , , , , , , , ,0,29,3,12,3,43.2,69,1,0,35,23, , ,0,9,14,14,16,15,12,28,11
40,2,12,2,92.4,128,1,4,33,28,23,12,5,12,12,20,18,13,6,17,6,39,2,13,3,49.68,128,1,4,30,23,21,9,5,12,11,20,18,13,6,22,5
64,2,11,4,0,50,1,0,38,34,20,25,5,8,11,17,16,15,5,24,4,57,2,9,2,0,70,1,1,37,30,24,15,5,28,8,12,12,13,5,24,5
57,2,13,3,60,160,3,2,37,23,16,18,5,12,17,17,17,13,10,22,6,49,2,8,1,0,160,12,3,31,21,13,21,7,9,17,17,17,13,10,24,7
52,2,16,5,60,130,1,0,38,25,16,8,5,10,11,14,18,13,12,23,9,41,2,15,3,66,135,0,0,37,27,16,8,5,16,10,15,17,10,12,23,10
33,2,9,2,90,140,0,0,31,26,20,12,6,10,3,15,17,12,10,25,8,27,2,12,3,42,140,0,0,39,26,25,8,6,12,8,16,18,14,10,24,10
39,2,15,4,48,430,2,0,43,26,23,7,5,19,12,16,17,13,9,19,0,40,2,15,4,96,500,0,0,41,33,22,17,0,11,19,14,14,13,6,22,0
 , , , , , , , , , , , , , , , , , , , ,0,53,4,8,1, ,0,1,2, ,23, , ,0,0, ,16,17, ,7,19,0
 , , , , , , , , , , , , , , , , , , , ,0,40,3,13,3,57.6,59,0,1,37,28, , ,0,22, ,20,17,13,12,27,15
36,2,13,3,120,220,0,1,42,24,24,12,5,0,14,19,17, ,6,15,0, ,2,13,3,61.2,190,4,4,30, ,24,12,5,13,16,15,16,12,3,11,0
46,2,19,5,144,198,1,0,43,25,13,14,5,10,9,11,13,8,6,19,0,39,2,15,3,54,198,0,2,15,15,14,16,6,11,9,14,10,11,6,20,1
38,2,12,3,38.304,90,4,0,39,31,20,9,5,21,12,13,14,11,8,28,4,39,2,12,3,36.48,92,2,0,37, ,20,12,5,16,12,15,17,11,10,27,4
49,2,12,2,96,150,1,1,32,18,15,13,6,12,10, ,13,9,7,22,4,41,2,15,3,58.8,165,3,0,35,20,18,12,5,9,11,16,14,12,8,27,6
 , , , , , , , , , , , , , , , , , , , ,0,39,1,13,3,52.8,45,2,1,28,19, , ,0,8, ,10,14,12,5,21,3
 , , , , , , , , , , , , , , , , , , , ,0,65,4,8,1,0,34,8,4,36,22, , ,0,6, , ,14,12,7,30,3
49,2,12,2,68.544,165,1,0,41,30,22,13,5,17,10,14,13,12, ,18,0,46,2,13,3,48,165,0,0,41,32,19,15,5,20,9,14,13,13, ,18,0
 , , , , , , , , , , , , , , , , , , , ,0,41,4,16,3,74.4,148,2,0,32,21, , ,0,8, ,14,14,11,8,21,7
44,2,14,3,0,120,1,2,42,27,19,10,0,18,12,15,16,13,9,27,10,41,2,13,3,43.2,120,4,3,39,29,25,10,0,21,13,18,15,12,9,27,10
54,2,8,1,40.8,95,1,0,45,29,25,10,5,4,17,20,18,14,6,14,3,49,2,12,3,38.4,90,15,3,27,27,18,13,5,15,14,20,19,15, ,14,4
40,2,12,2,60,130,0,0,38,28,21,10,5,10,14,15,16,11,8,27,5,38,2,13,3,58.8,130,0,0,36,25,21,8,5,8, ,11,11,12,7,24,6
39,2,12,2,62.496,90,1,1,37,22,19,13,6,6,13,15,11,8,13,25,16,33,2,13,3,26.4,90,2,3,28,19,18,12,8,12,10,11,13,9,12,26,16
54,2,13,3,96,165,7,2,41,26,18,14,5,8,2,12,12,7,8,25,6,48,2,14,3,60,165,4,3,41,27,16,12,5,11,2,14,12,8,8,24,7
51,2,12,3,84,170,3,4,36,23,26,9,5,21,13,20,17,13,10,26,6,51,2,16,5,114,185,1,0,36,28,28,11,5,30,17,19,16,14,9,24,4
 , , , , , , , , , , , , , , , , , , , ,0,31,3,14,3,54,70,0,0,28,26, , ,0,14,8,14,13,10,8,28,11
58,2,14,3,117.6,154,0,0,41,29,17,10,5,6,12,11,9,6,5,11,1,58,2,14,3,0,154,9,4,43,25,12,11,5,11,13,13,18, ,5,12,1
 , , , , , , , , , , , , , , , , , , , ,0,55,4,9,1,46.392,48,3,0,36,20, , ,0,14, ,17, ,14, ,21,9
33,2,13,3,96,120,0,0,36,26,20,14,5,8,10,16,16,14,9,21,5,30,2,12,3,55.2,120,0,0,34,27,20,12,5,16,13,16,14, ,9,22,5
30,2,12,2,80.4,141,2,0,36,24,20,13,5,2,11,13,14,12,7,15,0,28,2,13,3,61.2,141,1,0,37,25,20,12,5,3,13,13,13,12,8,16,0
 , , , , , , , , , , , , , , , , , , , ,0,30,3,13,3,49.2,46,0,0,38,28, , ,0,7,10,20,19,15,10,26,6
58,2,11,2,0,88,2,0,37,24,15,13,5,2,12,14,12, ,6,16,1,58,2,9,1,0,88,3,3,35,24,18,14,5,5,12,14,13,12, ,16,1
45,2,17,5,114,216,1,0,37,23,15,13,11,14,15,18,17,15,12,21,8,46,2,16,5,90,216,2,2,39, ,22,19,5,12,15,15,15,11,11,21,8
41,2,17,4,84,110,0,0,38,27,14,16,5,12,13,19,20,14,6,25,7,40,2,15,4,25.2,105,1,0,40,27,16,12,7,11,8,14,17,15,8,23,6
50,2,11,2,594.624,100,2,1,34,24,21,14,5,18,12,16,14,12,6,17,3,42,2,13,3,84,120,4,2,24,24,8,18,10,24,11,14,15,8,11,19,10
45,2,12,2,66,120,1,0,37,24,12,10,8,7,12,14,16,14,8,30,4,31,2,13,4,54,120,2,0,25,21,11,20,9,13,11,12,13,10,4,30,6
39,2,12,2,28.8,140,2,0,29,19,18,13,5,4,5,12,7,8,14,29,9,34,2,14,3,50.4,140,4,0,29,24,11,25,5,6,8,13,12,10,14,29,9
50,2,12,3,100.008,190,0,0,39,26,19,16,5,16,6,13,10,8,5,21,4,46,2,13,4,78,170,2,1,42,30,21,13,6,14,10,13,14,12,6,22,3
49,2,13,3,96,135,1,0,39,26,23,8,5,10,15,15,13,11,7,18,0,48,2,12,3,48,135,0,0,40,28,22,13,5,7,17,9,12,9,7,25,0
 , , , , , , , , , , , , , , , , , , , ,0,56,4,13,3,54,54,4,0,34,23, , ,0,20, ,14,14,12,7,23,8
 , , , , , , , , , , , , , , , , , , , ,0,30,5,12,3,78,100,1,1,35,27,22,9,5,12,14,20,16,15,7,21,6
36,1,9,1,42,0,0,0,30,23,22,16,5,0,15,20,14,10,7,24,1,35,5,8,1,0,0,0,0,32,26, ,19,1,6,19,17,16,10,7,24,5
 , , , , , , , , , , , , , , , , , , , ,0,33,1,13,3,66,75,0,4,40,18, , ,0,16,8,9,9,7,4,14,3
 , , , , , , , , , , , , , , , , , , , ,0,43,3,13,3,60,86,4,1,30,23, , ,0,11, ,13,13,10,10,30,12
53,2,8,1,66,110,12,4,31,26,20,13,10,2,17,15,14,10,7,20,8,48,2,9,1,62.4,110,1,0,32,25,24,13,5,3,17,14,17,10,10,20,7
25,2,11,3,33,80,1,2,28,15,15,22,7,15,16,14,12,9,6,16,13,22,2,11,3,0,81,3,1,37,26, ,22,6,3,18,14,15,12,10,17,4
28,2,13,2,84,130,0,0,35,27,20,12,7,5,11,13,15,10,9,27,9,28,2,12,3,48,130,0,0,31,25,22,13,5,16,11,18,12,11,9,26,7
44,2,13,4,96,160,0,0,39,23,19,12,5,17,11,18,15,14,10,26,11,35,2,13,3,69.36,140,0,0,39,25,17,15,11,18,11,15,15,13,9,20,6
44,2,9,2,72,140,0,0,38,28,12,25,5,0,11,14,13,12,4,21,2,32,2,11,3,84,120,0,0,35,29,20,6,5,15,18,15,15,13,8,21,4
 , , , , , , , , , , , , , , , , , , , ,0,39,3,15,4,63.6,67,1,0,29,17, , ,0,22, ,19,20,15,12,30,12
66,2,16,3,0,64,2,0,32,23,18,8,5,16,12,13,15,9, ,30,8,64,2,11,2,0,64,13,4,32,23,22,10,5,11,14, ,14, , ,28,7
 , , , , , , , , , , , , , , , , , , , ,0,64,3,11,3,0,33,5,0,33,22, , ,0,26, ,18,20,15,12,27,7
39,2,18,5,86.4,125,3,1,35,19,13,22,5,13, ,16,15,13,8,26,7,39,2,13,3,0,125,1,0, ,25,15,16,6,23,10, ,13,13,8,26,7
59,2,10,2,60,110,0,0,32,22,15,14,5,12,21,12,15,11,4,14,1,49,2,10,2,60,110,2,0,38,27,15,14,5,17,16, ,17,12,3,13,0
30,2,18,5,75.6,130,1,2,36,31,24,10,5,28,14,15,18,13,10,21,8,28,2,13,3,28.8,130,1,4,37,27,24,10,5,13,14,13,16,14,10,20,8
68,2,16,4,0,48,11,0,33,20,19,18,5,27,11,13,15,12,9,24,9,62,2,12,3, ,48,8,3,25,19,22,15,6,18,10,16,16,10,7,24,9
 , , , , , , , , , , , , , , , , , , , ,0,39,3,12,2,42,82,2,0,35,23, , ,0,20,10,15,14,11,4,27,7
 , , , , , , , , , , , , , , , , , , , ,0,53,3,12,3,36,40,6,0,41,27, , ,0,22, ,14,16,11,10,25,7
56,3,18,4,51.6,50,2,1,27,25, , ,0,15,8,12,13,10,9,28,5, , , , , , , , , , , , , , , , , , , , ,0
 , , , , , , , , , , , , , , , , , , , ,0,55,3,14,3,66.528,0,5,4,30,15, , ,0,24,11,11,15,9,6,29,7
 , , , , , , , , , , , , , , , , , , , ,0,54,1,14,3,84,73,6,0,33,20, , ,0,26,15,12,16,11,7,21,2
38,2,17,3,54,90,0,2,32,24,12,15,6,15,10,13,14,11,11,25,7,38,2,11,2,24,88,2,2,32,24,17,12,5,19,14,14,15,12,8,22,5
61,2,17,3,40.656,77,0,1,40,26,22,6,5,32,19,16,13,12,8,23,7,59,2,15,3,0,77,1,0,32,28,16,8,5,30,18,15,13,12,9,24,6
37,2,17,3,72,118,2,3,34,28,19,10,8,9,14,14,13,13,7,27,8,36,2,16,3,48,118,2,4,28,26,21,8,5,14,14,13,15,11,7,26,6
42,2,18,5,93.6,100,1,1,35,25,19,16,5,9,12,14,15,12,8,19,3,40,2,18,5, ,85,2,0,28,23,20,12,5,30,18,20,17,14,5,27,10
57,2,17,4,60,90,1,1,34,24,22,10,5,20,11,19,20,15,10,23,10,58,2,13,4,0,85,1,0,36,26,12,10,5,22,12,18,20,14,10,30,9
 , , , , , , , , , , , , , , , , , , , ,0,53,3,12,3,52.536,0,0,0,35,28, , ,0,26, ,18,12,12,7,23,0
61,1,18,5,94.8,112,1,0,39,28, , ,0,24, ,16,14,9,8,22,6, , , , , , , , , , , , , , , , , , , , ,0
 , , , , , , , , , , , , , , , , , , , ,0,38,3,13,3,62.4,69,4,4,30,16, , ,0,21, ,12,13,11,12,30,9
 , , , , , , , , , , , , , , , , , , , ,0,49,3,13,3,72,75,8,0,44,28, , ,0,12, ,12,16,8,7,25,12
65,2,12,3,0,68,1,4,39,25, , ,0,3,11,20,18,15,8,20,8,59,2,12,3,0,68,1,0,36,24, , ,0,3,12,20,17,14,8,20,8
39,2,12,2,59.4,150,0,0,48,29,28,8,5,16,18,19,16,13,5,6,0,37,2,13,3,72,140,0,0,34,25,22,13,5,21,18,15,15,12,7,13,1
 , , , , , , , , , , , , , , , , , , , ,0,34,3,13,3,0,55,0,0,34,27, , ,0,17,9,8,16,13,6,23,3
38,2,12,2,57.6,100,2,0,38,27, ,10,5,12,20,15,16,12,7,17,5,35,2,14,3,62.4,158,1,1,31,20, ,8,5,24,18,18,15,14,7,22,3
31,2,13,3,50.4,89,0,0,35,24,16,17,6,9,2,7,13,13,12,25,10,30,2,12,3,0,89,0,0,33,23,14,17,6,14,12,14,17,14,12,22,11
43,2,16,5,66,147,0,0,34,25,21,20,6,14,18,17,17,12,8,23,7, , , ,3,0,147,5,4,35,22,23,12,6,31,15,17,18,13,8,26,7
51,2,11,2,50.4,87,2,1,42,30,19,11,5,0, ,8, ,8, ,28,14,49,2,13,3,42.24,87,2,3,42,30,26,20,5,15,2,8,11,8,8,28,14
26,2,12,2,33.6,0,0,0,35,26,17,29,10,7,19,13,13,11,7,28,3,28,2,13,3,60,0,0,0,38,30,21,19,10,22,20,20,19,14,9,18,3
42,2,11,2,78,180,1,0,36,27,20,13,5,14,7,20,19,15,8,24,4,42,2,15,3,66,200,3,1,37,24,14,20,5,25,10,12,15,12,7,20,1
 , , , , , , , , , , , , , , , , , , , ,0,43,3,13,3,35.88,50,2,0,31,21, , ,0,11,14,17,15,14,12,30,7
39,2,18,5,66,170,1,1,28,21,17,19,6,15,6,15,14,11,6,13,3,32,2,18,5,58.8,170,1,0,34,28,22,11,5,15,13,15,14,12,10,21,5
33,2,12,2,60.48,120,0,2,37,28,20,12,0,4,12,14,15,12,8,18,6,28,2,13,3,38.4,0,3,4,31,26,15,12,5,13,13,20,18,14,8,20,3
48,2,11,2,28.224,125,3,0,35,27,17,23,5,15,19,13,17,9,6,19,3,47,2,13,3,72,125,14,1,36,27,15,20,5,10,17,15,16,10,7,21,0
 , , , , , , , , , , , , , , , , , , , ,0,45,3,13,3,45,80,2,2,34,24,16,26,9,23,8,13,15,11,10,23,5
 , , , , , , , , , , , , , , , , , , , ,0,24,2,12,3,42,94,0,0,32,24,12,13,10,9,13,18,19,15,7,20,5
32,2,13,3,0,200,0,0,42,25,22,11,5,12,2,11,8,6,6,12,2,31,2,12,3,0,200,3,0,35,29,18,12,5,23,8,11,12,9,4,15,4
26,2,16,4,54,78,1,3,36,33,12,10,7,14,10,19,15,15,5,22,7,25,2,12,3,0,78,2,0,32,23,16,17,17,22,12,15,13,11,7,24,3
39,2,12,3,51.6,108,0,0,35,27,20,12,5,11,11,16,16,11,11,20,10,39,2,14,3,48,127,5,4,33,27,21,13,6,23,19,19,17,12,12,30,15
41,2,12,2,90,115,0,0,37,22,23,11,5,4,14,20,13,13,9,23,7,36,2,13,4,54,115,6,4,42,25,23,10,5,18,14,18,16,14,6,23,6
53,2,13,3,0,80,10,4,28,18,15,9,5,14,11,13,16,11,10,26,16,48,2,13,3,46.8,80,2,4,34,20,14,9,5,15,15,14,16,11,10,26,13
30,2,17,5,72,147,1,0,39,33,17,5,5,6,11,16,15,11,6,24,0,25,2,12,4,60,147,0,0,34,30,26,5,5,9,11,19,19,12,6,24,0
 , , , , , , , , , , , , , , , , , , , ,0,32,3,12,3,42,40,3,1, ,19, , ,0,21,12,14,14,8,8,23,7
32,2,18,5,96,128,0,0,32,26,14,16,5,10,17,13,15,13,5,23,2,32,2,13,3,50.4,128,0,0,31,27,17,6,7,13,18,15,15,13,7,22,0
39,2,9,1,30,110,6,3,26,21,10,17,10,17,2,9,12,9,9,29,7,37,2,13,4,55.2,110,0,0,32,28,9,23,8,22,10,17,16,15,11,30,10
57,2,9,1,84,130,3,2,40,20,12,19,5,0,12,15,15,13,6,21,3,54,2,12,3,72,135,1,0,30,17,13,19,6,7,6,16,14,12,6,24,4
35,2,9,5,75.6,200,2,3,32,27,19,14,7,22,15,16,17,14,8,24,6,35,2,18,5,132,200,1,1,39,24,20,7,5,21,12,15,14,12,5,12,0
37,2,12,2,54,95,0,0,39,28,15,18,5,6,19,15,16,12,8,26,8,31,2,13,3,48,80,6,3,43,24,19,12,1,8,13,13,15,12,8,24,9
 , , , , , , , , , , , , , , , , , , , ,0,49, ,12,3,57.6,96,5,4,24,19, , ,0,18, ,7, ,5,9,23,7
36,3,14,4,66,73,6,0,44,30, , ,0,17, ,18,18,15,11,27,9, , , , , , , , , , , , , , , , , , , , ,0
 , , , , , , , , , , , , , , , , , , , ,0,38,5,17,5,81.6,101,1,0,37,25,22,9,5,19, ,18,20,14,11,23,8
54,2,11,2,72,150,5,3,38,26,20,13,5,12,18,13,14,11,9,19,8,50,2,8,1,54,150,5,0,37,26,22,13,6,18,19,13,14,11,10,20,8
34,2,15,3,84,0,1,0,41,28,18,11,5,9,10,17,15,16,8,28,3,34,2,13,3,51.6,112,2,1,34,22,14,14,7,6,11,13,17,10,7,26,5
48,2,13,3,78,180,0,1,41,23,18,10,5,12,13,13,15,11,7,22,3,47,2,14,3,69.6,180,3,0,36,16,19, ,5,7,15,14,16,12,6,20,3
33,2,12,2,72,128,0,2,29,28,22,13,5,9,11,14,13,12,10,25,6,31,2,12,3,33.6,128,1,4,32,25,22,11,6,19,11,16,13,13,11,24,8
59,2,15,3,96,110,0,0,38,27,20,12,5,22,19,20,20,15,6,22,4,55,2,12,3, ,112,1,0,37,26,22,13,5,25,21, , ,14,7,24,2
34,2,12,2,60,170,4,4,24,17,14,24,6,2,11,12,14,10,8,24,5,35,2,17,5,108,170,4,0,41,26,9,16,7,10,12,16,16,12,7,19,4
34,2,12,2,50.004,65,6,4,33,19,23,25,5,12,14,17,15,11,9,27,3,30,2,12,3,16.5,65,2,0,32,22,14,19,5,11,15,14,11,10,11,26,6
47,2,12,2,0,73,4,4,39,24, ,17,5,6,2,10,12,7,12,27,11,43,2,13,3,34.8,107,11,4,34,25,21,13,5,15,11,13,12,11,13,27,12
40,2,12,2,59.004,120,4,0,39,25,20,10,5,10,13,17,18,13,7,27,6,38,2,12,2,57.6,122,1,0,36,26,15,11,5,9,14,18,18,14,7,21,6
50,2,11,2,57.6,75,11,4,31,21,17,19,5,1,12,9,11,9,9,30,14,47,2,11,3,58.8,70,7,4,35,23,20,16,5,21,18,17,19,14,13,30,9
46,2,14,4,57.6,100,1,0,35,17,23,8,5,19,19,17,16,14,8,19,6,44,2,12,4,66,180,1,0,33,26,25,8,5,10,19,15,15,13,5,16,0
 , , , , , , , , , , , , , , , , , , , ,0,81,4,11,3,0,27,14,3,35,23, , ,0,11, ,16,12,7,6,20,4
32,2,17,3,48,105,5,2,39,27,22,19,11,5,11,14,16,11,11,15,5,29,2,12,4,48,100,2,0,33,22,10,23,12,21,10,12,15,10,10,20,4
41,2,15,4,48,102,0,0,44,27,13,8,5,21,7,10,15,11,6,11,5,47,2,13,3,54,102,1,0,38,29,15,6,5,19,15,16,16,13,6,16,9
38,2,12,2,96,170,1,2,37,22,20,12,5,9,12,11,13, ,6,14,2,36,2,15,4,60,170,2,0,35,26,22,12,6,23,11,16,17,11,5,14,2
22,2,12,3,84,120,0,0,43,30,15,13,6,13,17,17,18,15,8,19,3,24,2,12,3,42,110,2,2,31,26,23,8,5,26,15,18,16,14,8,25,7
25,2,12,2,84,89,0,0,24,25,17,17,9,10,12,14,15,13,11,24,12,24,2,12,3,19.8,90,0,0,29,12,14,18,15,16,13,14,16,13,11,24,12
29,2,13,3,60,110,1,0,35,25,15,12,6,14,17,15,15,12,10,24,17,28,2,12,3,48,110,0,0,31,24,16,12,6,11,16,14,15,12,10,23,17
53,2, ,2,42,50,1,0,33,27,21,11,5,3,15,14,15,10,7,22,2,51,2,11,2,18,50,2,0,35,27,22,12,0,0, , , , ,7,22,6
62,2,12,3,0,74,11,3,31,19,23,13,0,8,18,15,11,11,6,27,8,49,2,8,1,0,74,12,4,32,21,25,8,0,12,20,14,12, ,6,24,12
 , , , , , , , , , , , , , , , , , , , ,0,61,4,9,1,19.2,61,4,4,32,21, , ,0,16, ,16,15,13,8,21,11
 , , , , , , , , , , , , , , , , , , , ,0,56,4,11,3,19.2,70,2,0,40,28, , ,0,22, ,17,16,14,7,16,0
 , , , , , , , , , , , , , , , , , , , ,0,30,1,13,3,0,44,1,1,35,27, , ,0,14,12,19,17,14,14,27,18
54,2,15,3,48,145,3,0,34,26,23,14,5,22,15,12,14,10,5,18,0,53,2,9,2,68.4,150,5,0,35,21,17,15,5,6,11,12,14,10,11,30,9
28,2,14,3,102,91,0,0,39,29,14,19,7,1,8,15,15,12,10,25,1,27,2,13,3,46.8,134,0,0,34,23,13,16,8,2,12,17,15,13,10,28,2
33,5,13,3,55.44,126,0,0,46,32,22,11,5,23,10,14,17,14,9,26,7,43,5,15,4,84,126,1,0,40,32,23,7,5,24,7,16,17,12,9,26,6
62,2,12,3,0,104,6,4,34,24,19,11,5,16,12,18,14,14,8,18,0,52,2,11,3,68.4,105,1,1,26, ,14,14,5,16,12,13,12,9,5,18,1
46,2,12,2,60.48,0,1,0,40,27, ,9,5,2,10,15,13,12,11,24,2,42,2,13,3,66,0,8,4,30,21,17,13,6,20,11,12,14,14,9,29,9
 , , , , , , , , , , , , , , , , , , , ,0,40,3,13,3,60,87,1,0,28,19, , ,0,24,17,19,17,16,13,30,10
50,2,11,2,33.6,70,4,4,23,18,18,10,5,7,12,11,11,7,13,30,16,51,2,15,4,48,70,12,2,36,20,20,7,5,14,12,10,8,7,12,28,14
31,2,9,3,60,92,1,2,34,20,19,12,6,0,20,13,12,12,8,22,8,28,2,9,3,0,92,0,0,32,25,18,14,8,12,19,15,15,13,8,22,6
63,2,9,1,12.24,66,6,1,29,21,16,16,5,6,15,18,18,15,11,25,7,55,2,8,1, ,66,8,1,30,21,20,16,5,14,15,18,19,14,10,24,7
35,2,11,2,48,60,0,1,34,25,21,18,6,10,11,16,16,11,6,20,9,30,2,13,3,54,60,0,1,34,25,16,13,5,20,13,19,16,13,6,25,8
35,2,12,2,32.256,102,1,0,31,27,18,9,5,11,20,18,16,13,8,22,5,30,2,14,3,0,106,0,0,38,26,21,11,5,9,20,15,15,12,8,21,6
22,2,12,3,60,78,0,0,32,22,12,19,5,0,17,13,11,9,9,23,10,21,2,14,4,0,78,0,0,35,23,16,15,7,14,15,17,15,14,10,21,13
42,2,12,2,72,88,1,0,36,29,23,11,5,8,12,17,17,12,6,24,7,36,2,12,2,18,88,1,0,33,28,20,11,5,9,13,18,17,12,7,22,7
46,2,12,4,56.004,120,2,0,39,27,20,12,5,17,12,16,16,13,7,17,3,41,2,11,1,31.2,120,3,4,32,21,11,13,5,13,12,15,14,13,7,20,3
38,2,12,2,0,68,4,4,34,26,20,8,5,0,2,12,15,13,9,26,7,35,2,17,3,0,68,2,1,36,25,19,15,6,6,11,13,14,12,11,24,8
44,2,14,3,56.448,135,0,0,37,28,15,15,5,16,2,9, ,6,7,23,3,42,2,14,3,42,98,1,0,37,27,22,9,0,14,10,17,13,12,7,24,2
45,2,9,2,96,80,0,0,32,18,12,12,5,7,21,18,16,13,7,24,6,46,2,12,4,84,156,3,0,35,26,12, ,5,22,15,14,17,14,6,23,6
 , , , , , , , , , , , , , , , , , , , ,0,37,3,11,3,66,68,1,1,33,21, , ,0,17, ,13,12,14,5,18,7
41,2,14,3,97.2,126,0,0,36,26,20,7,5,11,9,17,14,13,7,20,1,39,2,9,1,43.2,126,2,0,36,26,20,7,5,6,11,17,15,13,7,19,1
 , , , , , , , , , , , , , , , , , , , ,0,27,4,13,3,40.8,60,0,0,30,26, , ,0,27, ,20,18,12,7,30,8
 , , , , , , , , , , , , , , , , , , , ,0,51,3,8,1,73.44,80,1,4,36,29, , ,0,19, ,15,10,9,9,30,7
39,2,9,1,54,80,1,1,28,21, , ,0,3,15,17,14,12,6,20,2,24,2,14,3,0,80,2,0,39,22, , ,0,15,13,15,14,14,6,19,0
47,2,12,2,70.56,100,7,1,30,17,9,23,8,12,7,10,6,5,7,24,9,45,2,11,2,72,132,4,0,30,21,8,24,9,17,11,20,18,16,9,26,9
48,2,11,2,108,98,3,0,41,27,24,12,5,12,15,16,16,13,13,27,10,47,2,12,3,15,98,5,4,37,23,27,9,5,15,18,15,15,13,12,27,13
68,2,8,2, ,65,9,4,34,20,28,11,5,14,17,18,17,15,12, ,8,68,2,9,1,0,65,13,4,37,20,26,7,5,8,17,18,20,15,12, ,8
43,2,18,5,120,240,0,0,39,29,6,17,5,16,10,12,17,15,4,17,2,43,2,13,3,0,240,0,2,28,28,12,11,8,13,9,9,10, ,5,15,2
50,2,15,3,64.74,115,1,1,38,27,17,11,5,18,14,15,17,13,10,25,9,45,2,17,3,50.4,115,1,1,28,20,20,13,5,11,12,8,11,9,10,26,10
41,2,9,2,60,115,1,2,37,27,19,11,5,12,12,16,17,14,8,24,5,29,2,13,4,57.6,115,5,1,38,28,13,17,5,14,9,17,17,16,9,26,5
41,2,18,5,120,500,1,0,46,35,28,7,5,38,12,20,20,15,5,15,0,42,2,17,5,.374,120,0,0,50,35,20,6,5,18,12,18,17,12,4,19,1
 , , , , , , , , , , , , , , , , , , , ,0,44,2,12,4,66,0,13,4,35,28,23,9,5,10,16,17,15,13,7,24,5
68,4,9,2,0,0,3,0,38,27, , ,0,9, ,16,17,12,7,23,4, , , , , , , , , , , , , , , , , , , , ,0
 , , , , , , , , , , , , , , , , , , , ,0,36,3,9,1,36,40,5,2,24,19, , ,0,10,12,20,15,15,4,26,7
33,2,12,2,72,95,0,0,46,28,23,12,6,8,19,20, ,12, ,21,10,30,2,12,4,0,90,0,1,36,25,13,13,6,8,21,20,19,14,11,21,13
36,2,11,2,51.84,100,3,2,32,23,19,15,7,14,11,10,14,12,12,26,13,37,2,18,5,66,120,16,4,33,32,19,12,6,19,12,11,13,12,13,27,12
31,2,18,5,54,100,1,0,40,26,25,7,5,11,11,14,14,12,6,26,4,27,2,18,5,43.2,90,1,0,28,19,20,10,5,11,8,10,10,10,10,26,7
30,2,12,2,57.6,140,2,0,38,26,17,14,5,14,13,15,13,11,10,21,9,29,2,12,4,0,140,0,0,32,24,17,17,6,21,13,16,18,14,9,20,6
 , , , , , , , , , , , , , , , , , , , ,0,63,4,8,1,0,44,0,0,39,28, , ,0,21, ,9,13,12,6,27,12
54,2,13,3, ,142,1,0,39,26,19,7,5,19,15,18,16,13,7,23,4,50,2,10,3,49.2,142,3,0,37,25,21,7,5,24,15,18,17,13,7,23,4
47,2,12,2,72,105,1,3,47,31,21,13,5,9,17,16,19,14,10,25,10,46,2,13,3,46.8,105,2,3,41,27,20,13,5,9,13,17,19,15,10,21,9
41,2,12,2,66,120,0,0,32,26,14,18,6,6,15,13,14,12,7,23,4,39,2,13,3,60,125,2,0,29,24,21,11,5,7,12,13,11,12,8,25,4
54,2,8,2,0,90,2,0,31,23,11,14,5,17,18,12,13,11,6,22,8,53,2,12,3,57.6,90,6,3,33,18,18,12,5,15,11,14,13,9,6,22,8
 , , , , , , , , , , , , , , , , , , , ,0,46,3,13,3,66,55,2,3,38,23, , ,0,21, ,14,12,10,10,24,4
36,2,18,5,19.2,140,1,0,33,25,14,6,5,16,2,14,12,11,5,21,6,35,2,17,5,78,140,2,1,39,26,20,8,5,23,10,15,13,13,5,21,5
42,2,18,5,90,170,3,1,38,27,19,19,7,33,2,14,17,12,9,17,4,40,2,18,5,60,170,5,3,36,25,16,12,5,11,2,9,6,7,7,24,1
35,2,17,3,54.432,90,4,2,38,29,24,15,5,16,19,19,14,12,12,27,13,32,2,15,3,52.992,90,2,2,41,29,22,15,5,15,15,19,17,12,10,27,12
54,2,8,1,60.48,94,3,4,36,23,27,11,5,6,19,20,20,16,7,30,6,46,2,9,1,33.6,94,4,4,38,24,27,11,5,12,19,20,20,16,7,30,6
